frame,source_clip,local_frame,camera,person,x,y,w,h,occluded,track_id
1,clip_c11_20260727_145025.avi,0,c11,1,810.2,165.89,52.46,114.59,0,1
2,clip_c11_20260727_145025.avi,1,c11,1,813.2,165.89,51.7,114.59,0,1
3,clip_c11_20260727_145025.avi,2,c11,1,827.3,165.89,37.6,114.59,0,1
4,clip_c11_20260727_145025.avi,3,c11,1,829.2,170.0,44.6,114.9,0,1
5,clip_c11_20260727_145025.avi,4,c11,1,836.6,170.7,38.7,114.2,0,1
6,clip_c11_20260727_145025.avi,5,c11,1,848.9,170.7,43.9,117.2,0,1
7,clip_c11_20260727_145025.avi,6,c11,1,848.9,170.7,58.8,123.9,0,1
8,clip_c11_20260727_145025.avi,7,c11,1,853.4,174.8,59.9,121.3,0,1
9,clip_c11_20260727_145025.avi,8,c11,1,878.3,174.8,35.0,121.3,0,1
10,clip_c11_20260727_145025.avi,9,c11,1,878.3,174.8,58.1,126.5,0,1
11,clip_c11_20260727_145025.avi,10,c11,1,882.8,177.8,53.6,126.8,0,1
12,clip_c11_20260727_145025.avi,11,c11,1,912.2,177.8,44.7,126.8,0,1
13,clip_c11_20260727_145025.avi,12,c11,1,902.5,177.8,64.1,133.9,0,1
14,clip_c11_20260727_145025.avi,13,c11,1,917.4,177.8,51.8,133.9,0,1
15,clip_c11_20260727_145025.avi,14,c11,1,948.3,177.8,20.53,133.9,1,1
19,clip_c9_20260727_145031.avi,0,c9,1,889.43,29.06,29.42,90.42,1,2
20,clip_c9_20260727_145031.avi,1,c9,1,890.12,29.06,28.73,92.28,1,2
21,clip_c9_20260727_145031.avi,2,c9,1,890.82,29.06,28.03,94.13,1,2
22,clip_c9_20260727_145031.avi,3,c9,1,891.51,29.06,27.34,95.99,1,2
23,clip_c9_20260727_145031.avi,4,c9,1,892.2,29.06,26.65,97.84,1,2
24,clip_c9_20260727_145031.avi,5,c9,1,893.1,29.06,25.75,97.84,1,2
25,clip_c9_20260727_145031.avi,6,c9,1,893.1,29.06,29.5,97.84,1,2
26,clip_c9_20260727_145031.avi,7,c9,1,893.1,29.06,29.95,101.09,1,2
27,clip_c9_20260727_145031.avi,8,c9,1,893.1,29.06,30.4,104.34,1,2
28,clip_c9_20260727_145031.avi,9,c9,1,893.1,29.06,33.8,104.34,1,2
29,clip_c9_20260727_145031.avi,10,c9,1,896.2,30.28,30.85,106.97,1,2
30,clip_c9_20260727_145031.avi,11,c9,1,899.3,31.5,27.9,109.6,1,2
31,clip_c9_20260727_145031.avi,12,c9,1,901.2,31.5,32.8,112.1,0,2
32,clip_c9_20260727_145031.avi,13,c9,1,897.2,31.5,37.7,112.1,0,2
33,clip_c9_20260727_145031.avi,14,c9,1,897.2,36.8,37.7,109.3,0,2
34,clip_c9_20260727_145031.avi,15,c9,1,892.4,37.43,44.0,111.14,0,2
35,clip_c9_20260727_145031.avi,16,c9,1,894.2,38.07,41.45,112.96,0,2
36,clip_c9_20260727_145031.avi,17,c9,1,901.5,38.7,33.4,114.8,0,2
37,clip_c9_20260727_145031.avi,18,c9,1,901.5,38.7,36.8,114.8,0,2
38,clip_c9_20260727_145031.avi,19,c9,1,901.5,38.7,40.2,114.8,0,2
39,clip_c9_20260727_145031.avi,20,c9,1,901.5,38.7,40.2,120.1,0,2
40,clip_c9_20260727_145031.avi,21,c9,1,898.1,45.2,43.6,120.1,0,2
41,clip_c9_20260727_145031.avi,22,c9,1,898.1,45.2,43.6,121.05,0,2
42,clip_c9_20260727_145031.avi,23,c9,1,898.1,45.2,43.6,122.0,0,2
43,clip_c9_20260727_145031.avi,24,c9,1,903.4,45.2,38.3,122.0,0,2
44,clip_c9_20260727_145031.avi,25,c9,1,903.4,47.4,38.3,128.2,0,2
45,clip_c9_20260727_145031.avi,26,c9,1,903.4,47.4,38.3,131.6,0,2
46,clip_c9_20260727_145031.avi,27,c9,1,897.5,47.4,44.2,131.6,0,2
47,clip_c9_20260727_145031.avi,28,c9,1,897.5,52.4,44.2,134.3,0,2
48,clip_c9_20260727_145031.avi,29,c9,1,897.5,52.4,46.1,134.3,0,2
49,clip_c9_20260727_145031.avi,30,c9,1,898.9,53.65,44.7,136.9,0,2
50,clip_c9_20260727_145031.avi,31,c9,1,900.3,54.9,43.3,139.5,0,2
51,clip_c9_20260727_145031.avi,32,c9,1,900.3,57.1,40.5,141.9,0,2
52,clip_c9_20260727_145031.avi,33,c9,1,895.7,57.1,48.8,144.4,0,2
53,clip_c9_20260727_145031.avi,34,c9,1,889.5,60.5,55.0,143.5,0,2
54,clip_c9_20260727_145031.avi,35,c9,1,889.5,63.6,50.0,147.5,0,2
55,clip_c9_20260727_145031.avi,36,c9,1,889.5,63.6,49.1,147.5,0,2
56,clip_c9_20260727_145031.avi,37,c9,1,885.78,63.6,49.1,152.1,0,2
57,clip_c9_20260727_145031.avi,38,c9,1,885.78,70.4,49.1,145.3,0,2
58,clip_c9_20260727_145031.avi,39,c9,1,888.0,70.4,46.88,156.8,0,2
59,clip_c9_20260727_145031.avi,40,c9,1,884.0,70.4,56.8,156.8,0,2
60,clip_c9_20260727_145031.avi,41,c9,1,874.1,75.4,64.5,159.2,0,2
61,clip_c9_20260727_145031.avi,42,c9,1,874.1,75.4,60.2,167.6,0,2
62,clip_c9_20260727_145031.avi,43,c9,1,874.1,76.95,60.2,168.85,0,2
63,clip_c9_20260727_145031.avi,44,c9,1,874.1,78.5,60.2,170.1,0,2
64,clip_c9_20260727_145031.avi,45,c9,1,881.8,82.5,52.5,171.7,0,2
65,clip_c9_20260727_145031.avi,46,c9,1,881.8,82.5,55.0,179.8,0,2
66,clip_c9_20260727_145031.avi,47,c9,1,877.5,82.5,62.4,179.8,0,2
67,clip_c9_20260727_145031.avi,48,c9,1,869.6,86.5,70.3,184.9,0,2
68,clip_c9_20260727_145031.avi,49,c9,1,869.6,91.4,67.7,190.0,0,2
69,clip_c9_20260727_145031.avi,50,c9,1,864.5,91.4,75.9,190.0,0,2
70,clip_c9_20260727_145031.avi,51,c9,1,864.5,91.4,75.9,196.9,0,2
71,clip_c9_20260727_145031.avi,52,c9,1,869.5,91.4,63.8,209.7,0,2
72,clip_c9_20260727_145031.avi,53,c9,1,869.5,104.2,63.8,204.0,0,2
73,clip_c9_20260727_145031.avi,54,c9,1,869.5,104.2,68.0,204.0,0,2
74,clip_c9_20260727_145031.avi,55,c9,1,864.4,107.6,71.0,206.5,0,2
75,clip_c9_20260727_145031.avi,56,c9,1,864.4,107.6,71.0,224.2,0,2
76,clip_c9_20260727_145031.avi,57,c9,1,862.1,107.6,73.3,224.2,0,2
77,clip_c9_20260727_145031.avi,58,c9,1,859.8,107.6,75.6,224.2,0,2
78,clip_c9_20260727_145031.avi,59,c9,1,859.8,117.7,75.6,225.9,0,2
79,clip_c9_20260727_145031.avi,60,c9,1,862.8,117.7,76.4,236.5,0,2
80,clip_c9_20260727_145031.avi,61,c9,1,862.8,124.9,86.5,229.3,0,2
81,clip_c9_20260727_145031.avi,62,c9,1,858.2,130.8,84.8,244.1,0,2
82,clip_c9_20260727_145031.avi,63,c9,1,856.1,135.0,76.3,253.0,0,2
83,clip_c9_20260727_145031.avi,64,c9,1,847.7,135.0,86.8,253.0,0,2
84,clip_c9_20260727_145031.avi,65,c9,1,841.8,140.9,94.8,247.1,0,2
85,clip_c9_20260727_145031.avi,66,c9,1,852.4,154.4,78.7,270.3,0,2
86,clip_c9_20260727_145031.avi,67,c9,1,852.4,154.4,93.5,270.3,0,2
87,clip_c9_20260727_145031.avi,68,c9,1,850.7,159.5,105.3,294.3,0,2
88,clip_c9_20260727_145031.avi,69,c9,1,850.7,168.8,115.9,301.1,0,2
89,clip_c9_20260727_145031.avi,70,c9,1,850.7,168.8,122.2,301.1,0,2
90,clip_c9_20260727_145031.avi,71,c9,1,882.8,183.2,117.1,308.2,0,2
91,clip_c9_20260727_145031.avi,72,c9,1,903.5,192.5,104.4,314.5,0,2
92,clip_c9_20260727_145031.avi,73,c9,1,931.8,194.6,113.3,320.8,0,2
93,clip_c9_20260727_145031.avi,74,c9,1,921.7,204.3,157.6,342.8,0,2
94,clip_c9_20260727_145031.avi,75,c9,1,931.8,208.5,169.0,348.3,0,2
95,clip_c9_20260727_145031.avi,76,c9,1,981.6,212.1,119.2,344.7,0,2
96,clip_c9_20260727_145031.avi,77,c9,1,1021.2,226.0,183.9,339.5,0,2
97,clip_c9_20260727_145031.avi,78,c9,1,1045.9,226.0,189.0,345.7,0,2
98,clip_c9_20260727_145031.avi,79,c9,1,1124.5,226.0,110.4,357.0,0,2
99,clip_c9_20260727_145031.avi,80,c9,1,1147.1,237.8,163.3,363.2,0,2
100,clip_c9_20260727_145031.avi,81,c9,1,1192.0,242.6,140.1,358.4,1,2
104,clip_c8_20260727_145055.avi,0,c8,1,970.33,644.89,196.82,354.83,0,3
105,clip_c8_20260727_145055.avi,1,c8,1,1022.1,610.7,204.2,365.0,0,3
106,clip_c8_20260727_145055.avi,2,c8,1,1050.7,570.0,187.6,366.9,0,3
107,clip_c8_20260727_145055.avi,3,c8,1,1110.8,529.3,189.4,358.6,0,3
108,clip_c8_20260727_145055.avi,4,c8,1,1131.1,494.2,227.3,391.9,0,3
109,clip_c8_20260727_145055.avi,5,c8,1,1173.6,460.0,195.9,386.4,0,3
110,clip_c8_20260727_145055.avi,6,c8,1,1229.0,460.0,140.5,318.0,0,3
111,clip_c8_20260727_145055.avi,7,c8,1,1238.2,392.5,150.7,375.3,1,3
112,clip_c8_20260727_145055.avi,8,c8,1,1258.6,366.6,158.9,363.1,1,3
113,clip_c8_20260727_145055.avi,9,c8,1,1304.9,336.6,148.0,345.4,1,3
114,clip_c8_20260727_145055.avi,10,c8,1,1304.9,310.7,175.2,371.3,1,3
115,clip_c8_20260727_145055.avi,11,c8,1,1343.0,284.8,133.0,360.4,1,3
116,clip_c8_20260727_145055.avi,12,c8,1,1377.0,254.8,120.8,331.8,1,3
117,clip_c8_20260727_145055.avi,13,c8,1,1377.0,242.5,124.9,344.1,1,3
118,clip_c8_20260727_145055.avi,14,c8,1,1396.1,223.4,133.0,321.0,1,3
119,clip_c8_20260727_145055.avi,15,c8,1,1417.9,198.9,137.1,327.8,1,3
120,clip_c8_20260727_145055.avi,16,c8,1,1435.6,188.0,116.7,326.4,1,3
121,clip_c8_20260727_145055.avi,17,c8,1,1442.4,166.2,109.9,315.5,1,3
122,clip_c8_20260727_145055.avi,18,c8,1,1451.9,153.9,105.8,258.4,1,3
123,clip_c8_20260727_145055.avi,19,c8,1,1451.9,144.4,107.2,267.9,0,3
124,clip_c8_20260727_145055.avi,20,c8,1,1472.3,134.9,107.2,272.0,0,3
125,clip_c8_20260727_145055.avi,21,c8,1,1488.6,124.0,101.8,266.6,0,3
126,clip_c8_20260727_145055.avi,22,c8,1,1488.6,117.2,111.3,273.4,0,3
127,clip_c8_20260727_145055.avi,23,c8,1,1506.3,103.6,99.0,265.2,0,3
128,clip_c8_20260727_145055.avi,24,c8,1,1526.7,94.1,86.8,252.9,0,3
129,clip_c8_20260727_145055.avi,25,c8,1,1526.7,94.1,95.0,252.9,0,3
130,clip_c8_20260727_145055.avi,26,c8,1,1544.4,83.2,84.1,236.6,0,3
131,clip_c8_20260727_145055.avi,27,c8,1,1558.0,79.1,97.7,240.7,0,3
132,clip_c8_20260727_145055.avi,28,c8,1,1558.0,72.3,110.0,247.5,0,3
133,clip_c8_20260727_145055.avi,29,c8,1,1592.0,66.9,80.1,225.7,0,3
134,clip_c8_20260727_145055.avi,30,c8,1,1592.0,60.1,92.4,227.1,1,3
135,clip_c8_20260727_145055.avi,31,c8,1,1608.3,60.1,76.1,218.9,1,3
136,clip_c8_20260727_145055.avi,32,c8,1,1623.3,60.1,61.1,194.4,1,3
137,clip_c8_20260727_145055.avi,33,c8,1,1642.4,60.1,42.0,194.4,1,3
164,clip_c10_20260727_145319.avi,0,c10,2,1103.92,174.38,112.75,328.18,0,4
165,clip_c10_20260727_145319.avi,1,c10,2,1100.1,178.2,106.5,337.6,0,4
166,clip_c10_20260727_145319.avi,2,c10,2,1043.4,184.5,130.4,336.3,0,4
167,clip_c10_20260727_145319.avi,3,c10,2,970.3,199.6,193.4,360.9,0,4
168,clip_c10_20260727_145319.avi,4,c10,2,954.6,199.6,168.8,377.3,0,4
169,clip_c10_20260727_145319.avi,5,c10,2,966.6,213.5,110.2,363.4,0,4
170,clip_c10_20260727_145319.avi,6,c10,2,896.7,234.3,171.3,370.9,0,4
171,clip_c10_20260727_145319.avi,7,c10,2,877.8,246.3,151.8,376.5,0,4
172,clip_c10_20260727_145319.avi,8,c10,2,806.0,253.2,167.5,380.9,0,4
173,clip_c10_20260727_145319.avi,9,c10,2,731.7,280.3,219.1,411.1,0,4
174,clip_c10_20260727_145319.avi,10,c10,2,714.7,295.4,191.4,408.0,0,4
175,clip_c10_20260727_145319.avi,11,c10,2,714.7,309.9,151.1,397.9,0,4
176,clip_c10_20260727_145319.avi,12,c10,2,669.9,335.3,195.9,422.5,0,4
177,clip_c10_20260727_145319.avi,13,c10,2,615.4,358.4,208.6,412.1,0,4
178,clip_c10_20260727_145319.avi,14,c10,2,525.1,382.3,222.8,430.7,0,4
179,clip_c10_20260727_145319.avi,15,c10,2,478.8,410.7,269.1,459.8,0,4
180,clip_c10_20260727_145319.avi,16,c10,2,474.3,439.8,224.4,435.9,0,4
181,clip_c10_20260727_145319.avi,17,c10,2,428.0,471.1,238.6,427.0,0,4
182,clip_c10_20260727_145319.avi,18,c10,2,386.2,512.1,280.4,451.7,0,4
183,clip_c10_20260727_145319.avi,19,c10,2,333.2,545.7,273.7,430.0,0,4
184,clip_c10_20260727_145319.avi,20,c10,2,281.0,585.2,272.9,462.9,0,4
185,clip_c10_20260727_145319.avi,21,c10,2,223.5,635.2,330.4,444.0,0,4
186,clip_c10_20260727_145319.avi,22,c10,2,200.2,666.3,295.9,412.9,0,4
187,clip_c10_20260727_145319.avi,23,c10,2,150.1,714.6,331.3,364.6,0,4
188,clip_c10_20260727_145319.avi,24,c10,2,106.1,773.3,364.1,305.9,0,4
189,clip_c10_20260727_145319.avi,25,c10,2,72.4,807.8,348.6,271.4,1,4
190,clip_c10_20260727_145319.avi,26,c10,2,36.1,857.0,252.8,222.2,1,4
191,clip_c10_20260727_145319.avi,27,c10,2,12.8,918.3,213.1,160.9,1,4
192,clip_c10_20260727_145319.avi,28,c10,2,0.0,958.0,154.2,121.2,1,4
194,clip_c12_20260727_145330.avi,0,c12,2,0.02,616.69,186.44,425.89,1,5
195,clip_c12_20260727_145330.avi,1,c12,2,0.02,638.79,186.44,422.35,1,5
196,clip_c12_20260727_145330.avi,2,c12,2,0.02,660.9,186.44,418.8,1,5
197,clip_c12_20260727_145330.avi,3,c12,2,0.02,702.4,181.18,377.3,1,5
198,clip_c12_20260727_145330.avi,4,c12,2,0.02,754.5,175.88,325.2,1,5
204,clip_c11_20260727_145334.avi,0,c11,2,781.7,157.49,43.41,117.59,0,6
205,clip_c11_20260727_145334.avi,1,c11,2,781.7,160.9,43.41,120.9,0,6
206,clip_c11_20260727_145334.avi,2,c11,2,781.7,160.9,43.41,122.15,0,6
207,clip_c11_20260727_145334.avi,3,c11,2,781.7,160.9,43.41,123.4,0,6
208,clip_c11_20260727_145334.avi,4,c11,2,784.2,164.3,44.7,122.5,0,6
209,clip_c11_20260727_145334.avi,5,c11,2,784.2,164.3,47.7,122.5,0,6
210,clip_c11_20260727_145334.avi,6,c11,2,785.9,164.3,46.0,126.7,0,6
211,clip_c11_20260727_145334.avi,7,c11,2,785.9,164.3,46.0,131.3,0,6
212,clip_c11_20260727_145334.avi,8,c11,2,785.9,164.3,46.0,134.25,0,6
213,clip_c11_20260727_145334.avi,9,c11,2,785.9,164.3,46.0,137.2,0,6
214,clip_c11_20260727_145334.avi,10,c11,2,785.9,164.3,46.0,140.6,0,6
215,clip_c11_20260727_145334.avi,11,c11,2,789.3,170.6,51.9,134.3,0,6
216,clip_c11_20260727_145334.avi,12,c11,2,793.1,170.6,50.2,138.1,0,6
217,clip_c11_20260727_145334.avi,13,c11,2,797.3,174.0,47.7,140.6,0,6
218,clip_c11_20260727_145334.avi,14,c11,2,799.0,174.0,50.2,140.6,0,6
219,clip_c11_20260727_145334.avi,15,c11,2,802.4,174.0,51.0,148.6,0,6
220,clip_c11_20260727_145334.avi,16,c11,2,809.6,179.9,44.2,148.2,0,6
221,clip_c11_20260727_145334.avi,17,c11,2,809.6,179.9,55.6,148.2,0,6
222,clip_c11_20260727_145334.avi,18,c11,2,809.6,183.7,58.1,149.9,0,6
223,clip_c11_20260727_145334.avi,19,c11,2,814.7,183.7,53.0,156.2,0,6
224,clip_c11_20260727_145334.avi,20,c11,2,815.35,186.45,52.35,158.7,0,6
225,clip_c11_20260727_145334.avi,21,c11,2,816.0,189.2,51.7,161.2,0,6
226,clip_c11_20260727_145334.avi,22,c11,2,816.8,189.2,60.2,163.7,0,6
227,clip_c11_20260727_145334.avi,23,c11,2,816.8,189.2,67.8,170.4,0,6
228,clip_c11_20260727_145334.avi,24,c11,2,816.8,195.5,69.9,172.1,0,6
229,clip_c11_20260727_145334.avi,25,c11,2,830.3,202.7,60.2,180.9,0,6
230,clip_c11_20260727_145334.avi,26,c11,2,830.3,202.7,74.5,180.9,0,6
231,clip_c11_20260727_145334.avi,27,c11,2,830.3,202.7,81.7,193.5,0,6
232,clip_c11_20260727_145334.avi,28,c11,2,844.2,209.4,76.2,196.5,0,6
233,clip_c11_20260727_145334.avi,29,c11,2,855.2,219.5,65.2,206.6,0,6
234,clip_c11_20260727_145334.avi,30,c11,2,845.9,219.5,87.6,207.9,0,6
235,clip_c11_20260727_145334.avi,31,c11,2,844.6,226.2,99.9,216.0,0,6
236,clip_c11_20260727_145334.avi,32,c11,2,860.2,232.9,91.0,219.8,0,6
237,clip_c11_20260727_145334.avi,33,c11,2,880.9,243.4,83.4,239.2,0,6
238,clip_c11_20260727_145334.avi,34,c11,2,880.9,243.4,95.6,239.2,0,6
239,clip_c11_20260727_145334.avi,35,c11,2,876.3,235.8,108.6,259.9,0,6
240,clip_c11_20260727_145334.avi,36,c11,2,884.3,251.0,112.8,264.1,0,6
241,clip_c11_20260727_145334.avi,37,c11,2,910.9,253.9,106.9,275.5,0,6
242,clip_c11_20260727_145334.avi,38,c11,2,929.4,272.0,108.6,279.7,0,6
243,clip_c11_20260727_145334.avi,39,c11,2,923.5,272.0,132.1,279.7,0,6
244,clip_c11_20260727_145334.avi,40,c11,2,929.4,272.0,137.3,312.5,0,6
245,clip_c11_20260727_145334.avi,41,c11,2,949.9,296.0,132.6,300.8,0,6
246,clip_c11_20260727_145334.avi,42,c11,2,970.4,305.9,128.5,325.4,0,6
247,clip_c11_20260727_145334.avi,43,c11,2,984.4,316.4,136.2,332.5,0,6
248,clip_c11_20260727_145334.avi,44,c11,2,984.4,321.7,154.3,337.7,0,6
249,clip_c11_20260727_145334.avi,45,c11,2,994.9,343.4,173.1,364.0,0,6
250,clip_c11_20260727_145334.avi,46,c11,2,1046.4,353.35,156.1,376.25,0,6
251,clip_c11_20260727_145334.avi,47,c11,2,1046.4,367.4,187.1,388.5,0,6
252,clip_c11_20260727_145334.avi,48,c11,2,1131.8,376.8,154.4,379.1,0,6
253,clip_c11_20260727_145334.avi,49,c11,2,1245.9,416.8,182.3,394.9,0,6
254,clip_c11_20260727_145334.avi,50,c11,2,1245.9,428.9,204.4,390.5,0,6
255,clip_c11_20260727_145334.avi,51,c11,2,1313.2,443.2,209.9,388.3,0,6
256,clip_c11_20260727_145334.avi,52,c11,2,1382.7,470.8,219.8,396.0,0,6
257,clip_c11_20260727_145334.avi,53,c11,2,1505.1,489.6,184.5,377.2,0,6
258,clip_c11_20260727_145334.avi,54,c11,2,1505.1,519.4,258.4,371.7,0,6
259,clip_c11_20260727_145334.avi,55,c11,2,1629.7,558.0,237.5,370.6,0,6
260,clip_c11_20260727_145334.avi,56,c11,2,1723.1,566.2,196.9,362.4,0,6
261,clip_c11_20260727_145334.avi,57,c11,2,1793.6,566.2,126.4,365.3,1,6
262,clip_c11_20260727_145334.avi,58,c11,2,1815.5,671.6,104.5,259.9,1,6
264,clip_c11_20260727_145653.avi,0,c11,3,1589.37,521.29,181.25,378.8,0,7
265,clip_c11_20260727_145653.avi,1,c11,3,1559.8,508.1,172.1,370.6,0,7
266,clip_c11_20260727_145653.avi,2,c11,3,1479.4,508.1,209.7,354.3,0,7
267,clip_c11_20260727_145653.avi,3,c11,3,1469.2,493.8,177.1,357.4,0,7
268,clip_c11_20260727_145653.avi,4,c11,3,1458.0,474.5,153.7,375.7,0,7
269,clip_c11_20260727_145653.avi,5,c11,3,1369.4,474.5,198.5,375.7,0,7
270,clip_c11_20260727_145653.avi,6,c11,3,1362.3,450.1,162.8,400.1,0,7
271,clip_c11_20260727_145653.avi,7,c11,3,1332.8,432.8,154.6,373.6,0,7
272,clip_c11_20260727_145653.avi,8,c11,3,1239.1,432.8,207.6,368.5,0,7
273,clip_c11_20260727_145653.avi,9,c11,3,1227.9,421.6,173.0,355.3,0,7
274,clip_c11_20260727_145653.avi,10,c11,3,1192.3,400.2,170.9,367.5,0,7
275,clip_c11_20260727_145653.avi,11,c11,3,1142.4,400.2,191.3,367.5,0,7
276,clip_c11_20260727_145653.avi,12,c11,3,1142.4,379.8,160.8,372.6,0,7
277,clip_c11_20260727_145653.avi,13,c11,3,1142.4,362.5,129.2,355.3,0,7
278,clip_c11_20260727_145653.avi,14,c11,3,1062.0,362.5,171.9,355.3,0,7
279,clip_c11_20260727_145653.avi,15,c11,3,1054.9,355.4,158.6,339.0,0,7
280,clip_c11_20260727_145653.avi,16,c11,3,1013.2,339.1,157.5,330.9,0,7
281,clip_c11_20260727_145653.avi,17,c11,3,984.7,334.0,165.6,336.0,0,7
282,clip_c11_20260727_145653.avi,18,c11,3,984.7,326.9,148.3,331.9,0,7
283,clip_c11_20260727_145653.avi,19,c11,3,996.9,315.7,111.7,310.5,0,7
284,clip_c11_20260727_145653.avi,20,c11,3,954.1,309.5,126.0,316.7,0,7
285,clip_c11_20260727_145653.avi,21,c11,3,942.9,302.4,117.9,305.5,0,7
286,clip_c11_20260727_145653.avi,22,c11,3,913.4,292.2,116.9,288.2,0,7
287,clip_c11_20260727_145653.avi,23,c11,3,890.0,286.1,120.9,294.3,0,7
288,clip_c11_20260727_145653.avi,24,c11,3,885.9,286.1,113.8,289.2,0,7
289,clip_c11_20260727_145653.avi,25,c11,3,904.2,273.9,86.3,273.9,0,7
290,clip_c11_20260727_145653.avi,26,c11,3,878.7,269.8,102.6,278.0,0,7
291,clip_c11_20260727_145653.avi,27,c11,3,869.5,270.8,93.5,265.8,0,7
292,clip_c11_20260727_145653.avi,28,c11,3,856.3,258.6,89.4,259.7,0,7
293,clip_c11_20260727_145653.avi,29,c11,3,822.7,253.5,116.9,264.8,0,7
294,clip_c11_20260727_145653.avi,30,c11,3,815.6,253.5,118.9,256.7,0,7
295,clip_c11_20260727_145653.avi,31,c11,3,815.6,253.5,118.9,236.3,0,7
296,clip_c11_20260727_145653.avi,32,c11,3,822.7,243.3,89.4,242.4,0,7
297,clip_c11_20260727_145653.avi,33,c11,3,810.5,243.3,85.3,242.4,0,7
298,clip_c11_20260727_145653.avi,34,c11,3,800.3,243.3,82.3,214.9,0,7
299,clip_c11_20260727_145653.avi,35,c11,3,775.9,234.1,106.7,224.1,0,7
300,clip_c11_20260727_145653.avi,36,c11,3,783.05,234.1,91.4,214.45,0,7
301,clip_c11_20260727_145653.avi,37,c11,3,790.2,234.1,76.1,204.8,0,7
302,clip_c11_20260727_145653.avi,38,c11,3,790.2,224.4,76.1,214.5,0,7
303,clip_c11_20260727_145653.avi,39,c11,3,790.2,224.9,76.1,214.0,0,7
304,clip_c11_20260727_145653.avi,40,c11,3,771.9,219.8,81.2,204.8,0,7
305,clip_c11_20260727_145653.avi,41,c11,3,771.9,214.5,76.3,196.3,0,7
306,clip_c11_20260727_145653.avi,42,c11,3,771.9,214.5,75.5,196.3,0,7
307,clip_c11_20260727_145653.avi,43,c11,3,787.0,210.0,63.7,191.8,0,7
308,clip_c11_20260727_145653.avi,44,c11,3,791.5,205.9,63.3,187.8,0,7
309,clip_c11_20260727_145653.avi,45,c11,3,786.8,205.5,64.15,183.5,0,7
310,clip_c11_20260727_145653.avi,46,c11,3,782.1,205.1,65.0,179.2,0,7
311,clip_c11_20260727_145653.avi,47,c11,3,776.0,200.2,67.0,177.2,0,7
312,clip_c11_20260727_145653.avi,48,c11,3,778.25,199.0,64.75,173.9,0,7
313,clip_c11_20260727_145653.avi,49,c11,3,780.5,197.8,62.5,170.6,0,7
314,clip_c11_20260727_145653.avi,50,c11,3,784.3,193.4,58.7,168.0,0,7
315,clip_c11_20260727_145653.avi,51,c11,3,782.7,194.8,60.3,166.6,0,7
316,clip_c11_20260727_145653.avi,52,c11,3,778.3,193.6,57.9,160.4,0,7
317,clip_c11_20260727_145653.avi,53,c11,3,776.9,186.4,59.3,162.4,0,7
318,clip_c11_20260727_145653.avi,54,c11,3,778.3,188.6,57.9,160.2,0,7
319,clip_c11_20260727_145653.avi,55,c11,3,785.1,187.0,54.1,150.2,0,7
320,clip_c11_20260727_145653.avi,56,c11,3,785.1,184.2,56.3,153.0,0,7
321,clip_c11_20260727_145653.avi,57,c11,3,784.3,184.2,54.5,151.0,0,7
322,clip_c11_20260727_145653.avi,58,c11,3,780.7,181.8,52.3,143.4,0,7
323,clip_c11_20260727_145653.avi,59,c11,3,778.9,181.8,54.1,143.4,0,7
324,clip_c11_20260727_145653.avi,60,c11,3,779.5,179.15,53.5,141.1,0,7
325,clip_c11_20260727_145653.avi,61,c11,3,780.1,176.5,52.9,138.8,0,7
326,clip_c11_20260727_145653.avi,62,c11,3,780.1,174.1,52.9,141.2,0,7
327,clip_c11_20260727_145653.avi,63,c11,3,777.7,174.1,52.0,138.5,0,7
328,clip_c11_20260727_145653.avi,64,c11,3,777.7,174.1,47.2,131.9,0,7
329,clip_c11_20260727_145653.avi,65,c11,3,777.7,173.5,47.2,131.9,0,7
330,clip_c11_20260727_145653.avi,66,c11,3,777.7,171.85,47.2,129.35,0,7
331,clip_c11_20260727_145653.avi,67,c11,3,777.7,170.2,47.2,126.8,0,7
332,clip_c11_20260727_145653.avi,68,c11,3,777.7,170.2,44.5,126.8,0,7
333,clip_c11_20260727_145653.avi,69,c11,3,777.7,170.2,40.6,126.8,0,7
334,clip_c11_20260727_145653.avi,70,c11,3,777.7,167.2,37.9,121.1,0,7
335,clip_c11_20260727_145653.avi,71,c11,3,777.7,163.0,39.4,121.1,0,7
336,clip_c11_20260727_145653.avi,72,c11,3,777.7,163.0,39.4,117.2,0,7
337,clip_c11_20260727_145653.avi,73,c11,3,777.7,160.3,39.4,114.2,0,7
338,clip_c11_20260727_145653.avi,74,c11,3,777.7,160.3,31.3,113.6,0,7
339,clip_c11_20260727_145653.avi,75,c11,3,777.7,157.9,38.2,109.7,0,7
340,clip_c11_20260727_145653.avi,76,c11,3,777.7,157.9,37.3,109.7,0,7
341,clip_c11_20260727_145653.avi,77,c11,3,777.7,156.1,33.7,105.5,0,7
342,clip_c11_20260727_145653.avi,78,c11,3,777.7,154.45,33.7,104.9,0,7
343,clip_c11_20260727_145653.avi,79,c11,3,777.7,152.8,33.7,104.3,0,7
344,clip_c11_20260727_145653.avi,80,c11,3,777.7,152.8,31.45,101.3,0,7
345,clip_c11_20260727_145653.avi,81,c11,3,777.7,152.8,29.2,98.3,1,7
346,clip_c11_20260727_145653.avi,82,c11,3,777.7,152.8,29.2,98.3,1,7
347,clip_c11_20260727_145653.avi,83,c11,3,777.7,152.8,29.2,98.3,1,7
348,clip_c11_20260727_145653.avi,84,c11,3,777.7,152.8,29.2,98.3,1,7
349,clip_c11_20260727_145653.avi,85,c11,3,777.7,152.8,29.2,98.3,1,7
354,clip_c12_20260727_145716.avi,0,c12,3,23.61,441.38,90.49,233.32,0,8
355,clip_c12_20260727_145716.avi,1,c12,3,36.3,435.6,66.2,206.1,0,8
356,clip_c12_20260727_145716.avi,2,c12,3,45.0,430.4,70.2,204.4,0,8
357,clip_c12_20260727_145716.avi,3,c12,3,54.3,420.6,64.4,195.7,1,8
358,clip_c12_20260727_145716.avi,4,c12,3,67.0,420.6,51.7,195.7,1,8
359,clip_c12_20260727_145716.avi,5,c12,3,110.5,420.6,74.3,195.7,1,8
360,clip_c12_20260727_145716.avi,6,c12,3,110.5,393.6,74.3,214.0,1,8
361,clip_c12_20260727_145716.avi,7,c12,3,127.3,385.8,70.3,221.8,1,8
362,clip_c12_20260727_145716.avi,8,c12,3,146.3,378.8,85.7,224.4,1,8
363,clip_c12_20260727_145716.avi,9,c12,3,162.8,364.86,63.5,213.6,1,8
364,clip_c12_20260727_145716.avi,10,c12,3,181.7,364.86,44.6,213.6,1,8
367,clip_c10_20260727_145721.avi,0,c10,3,273.33,631.76,297.96,439.01,0,9
368,clip_c10_20260727_145721.avi,1,c10,3,333.3,598.3,343.8,454.8,0,9
369,clip_c10_20260727_145721.avi,2,c10,3,395.0,556.0,306.8,468.9,0,9
370,clip_c10_20260727_145721.avi,3,c10,3,442.6,515.4,259.2,456.6,0,9
371,clip_c10_20260727_145721.avi,4,c10,3,490.2,489.0,261.0,483.0,0,9
372,clip_c10_20260727_145721.avi,5,c10,3,537.8,455.5,232.8,479.5,0,9
373,clip_c10_20260727_145721.avi,6,c10,3,587.2,416.7,194.0,435.4,0,9
374,clip_c10_20260727_145721.avi,7,c10,3,631.3,395.5,261.0,456.6,0,9
375,clip_c10_20260727_145721.avi,8,c10,3,684.2,372.6,215.2,437.2,0,9
376,clip_c10_20260727_145721.avi,9,c10,3,726.5,340.9,195.8,431.9,0,9
377,clip_c10_20260727_145721.avi,10,c10,3,767.1,325.0,202.8,447.8,0,9
378,clip_c10_20260727_145721.avi,11,c10,3,805.9,305.6,188.7,437.2,0,9
379,clip_c10_20260727_145721.avi,12,c10,3,839.4,284.4,155.2,402.0,0,9
380,clip_c10_20260727_145721.avi,13,c10,3,878.2,266.8,202.8,419.6,0,9
381,clip_c10_20260727_145721.avi,14,c10,3,917.0,256.2,164.0,391.4,0,9
382,clip_c10_20260727_145721.avi,15,c10,3,950.5,233.3,178.1,396.7,0,9
383,clip_c10_20260727_145721.avi,16,c10,3,980.5,233.3,185.1,396.7,0,9
384,clip_c10_20260727_145721.avi,17,c10,3,1006.9,219.2,176.3,389.6,0,9
385,clip_c10_20260727_145721.avi,18,c10,3,1035.1,201.6,148.1,356.1,0,9
386,clip_c10_20260727_145721.avi,19,c10,3,1065.1,189.3,142.8,368.4,0,9
387,clip_c10_20260727_145721.avi,20,c10,3,1098.6,189.3,109.3,350.8,0,9
388,clip_c10_20260727_145721.avi,21,c10,3,1119.8,171.7,88.1,326.1,1,9
389,clip_c10_20260727_145721.avi,22,c10,3,1146.2,171.7,61.7,326.1,1,9
390,clip_c11_20260727_150629.avi,0,c11,4,253.93,614.13,245.07,409.04,0,10
391,clip_c11_20260727_150629.avi,1,c11,4,253.93,614.13,245.07,428.47,0,10
392,clip_c11_20260727_150629.avi,2,c11,4,248.9,609.9,263.6,432.7,0,10
393,clip_c11_20260727_150629.avi,3,c11,4,258.2,607.4,265.3,435.2,0,10
394,clip_c11_20260727_150629.avi,4,c11,4,280.1,607.4,291.5,440.3,0,10
395,clip_c11_20260727_150629.avi,5,c11,4,323.9,590.5,274.7,450.5,0,10
396,clip_c11_20260727_150629.avi,6,c11,4,398.1,579.5,200.5,443.0,0,10
397,clip_c11_20260727_150629.avi,7,c11,4,446.2,563.5,168.4,439.6,0,10
398,clip_c11_20260727_150629.avi,8,c11,4,478.2,548.3,163.4,454.8,0,10
399,clip_c11_20260727_150629.avi,9,c11,4,503.3,534.0,164.3,449.0,0,10
400,clip_c11_20260727_150629.avi,10,c11,4,543.5,508.9,159.3,410.4,0,10
401,clip_c11_20260727_150629.avi,11,c11,4,572.0,496.3,186.1,408.7,0,10
402,clip_c11_20260727_150629.avi,12,c11,4,618.1,485.4,153.4,391.9,0,10
403,clip_c11_20260727_150629.avi,13,c11,4,644.9,466.1,154.3,380.2,0,10
404,clip_c11_20260727_150629.avi,14,c11,4,660.0,451.8,161.8,394.5,0,10
405,clip_c11_20260727_150629.avi,15,c11,4,676.8,439.2,138.3,382.0,0,10
406,clip_c11_20260727_150629.avi,16,c11,4,676.8,421.6,150.0,348.5,0,10
407,clip_c11_20260727_150629.avi,17,c11,4,685.2,411.5,155.0,358.6,0,10
408,clip_c11_20260727_150629.avi,18,c11,4,705.3,398.9,146.6,341.0,0,10
409,clip_c11_20260727_150629.avi,19,c11,4,712.8,386.3,150.8,323.4,0,10
410,clip_c11_20260727_150629.avi,20,c11,4,712.8,376.2,150.8,333.5,0,10
411,clip_c11_20260727_150629.avi,21,c11,4,718.7,364.5,136.5,307.5,0,10
412,clip_c11_20260727_150629.avi,22,c11,4,722.9,354.4,129.8,300.0,0,10
413,clip_c11_20260727_150629.avi,23,c11,4,734.6,349.4,118.1,294.9,0,10
414,clip_c11_20260727_150629.avi,24,c11,4,751.4,337.7,107.2,269.7,0,10
415,clip_c11_20260727_150629.avi,25,c11,4,758.9,330.2,101.4,277.2,0,10
416,clip_c11_20260727_150629.avi,26,c11,4,758.9,322.7,101.4,272.1,0,10
417,clip_c11_20260727_150629.avi,27,c11,4,760.6,312.6,99.7,252.0,0,10
418,clip_c11_20260727_150629.avi,28,c11,4,774.0,310.1,89.7,254.5,0,10
419,clip_c11_20260727_150629.avi,29,c11,4,789.1,300.0,83.8,245.3,0,10
420,clip_c11_20260727_150629.avi,30,c11,4,797.5,295.0,87.1,235.2,0,10
421,clip_c11_20260727_150629.avi,31,c11,4,805.9,288.3,81.2,241.9,0,10
422,clip_c11_20260727_150629.avi,32,c11,4,805.9,281.6,81.2,225.1,0,10
423,clip_c11_20260727_150629.avi,33,c11,4,813.4,277.4,86.3,220.1,0,10
424,clip_c11_20260727_150629.avi,34,c11,4,800.8,277.4,124.9,220.1,0,10
425,clip_c11_20260727_150629.avi,35,c11,4,796.6,270.7,148.4,203.3,0,10
426,clip_c11_20260727_150629.avi,36,c11,4,809.2,265.7,135.8,208.3,0,10
427,clip_c11_20260727_150629.avi,37,c11,4,811.7,264.0,117.4,204.1,0,10
428,clip_c11_20260727_150629.avi,38,c11,4,813.4,259.8,127.4,189.0,0,10
429,clip_c11_20260727_150629.avi,39,c11,4,813.4,253.9,127.4,194.9,0,10
430,clip_c11_20260727_150629.avi,40,c11,4,826.8,252.2,114.0,191.6,0,10
431,clip_c11_20260727_150629.avi,41,c11,4,855.3,247.8,91.7,178.4,0,10
432,clip_c11_20260727_150629.avi,42,c11,4,856.7,245.4,70.8,180.8,0,10
433,clip_c11_20260727_150629.avi,43,c11,4,856.7,242.5,70.8,178.0,0,10
434,clip_c11_20260727_150629.avi,44,c11,4,861.9,240.6,72.3,166.1,0,10
435,clip_c11_20260727_150629.avi,45,c11,4,864.3,235.4,73.7,171.3,0,10
436,clip_c11_20260727_150629.avi,46,c11,4,869.5,233.5,57.6,163.2,0,10
437,clip_c11_20260727_150629.avi,47,c11,4,869.5,228.8,57.6,164.1,0,10
438,clip_c11_20260727_150629.avi,48,c11,4,869.5,225.9,57.6,161.3,0,10
439,clip_c11_20260727_150629.avi,49,c11,4,869.5,223.5,57.6,151.8,0,10
440,clip_c11_20260727_150629.avi,50,c11,4,869.5,219.7,57.6,155.6,0,10
441,clip_c11_20260727_150629.avi,51,c11,4,874.7,219.2,58.1,156.1,0,10
442,clip_c11_20260727_150629.avi,52,c11,4,881.4,214.9,54.3,149.0,0,10
443,clip_c11_20260727_150629.avi,53,c11,4,877.6,214.9,60.5,145.2,0,10
444,clip_c11_20260727_150629.avi,54,c11,4,880.9,214.9,59.1,145.2,0,10
445,clip_c11_20260727_150629.avi,55,c11,4,893.7,210.6,53.4,138.6,0,10
446,clip_c11_20260727_150629.avi,56,c11,4,898.5,207.3,55.3,141.9,0,10
447,clip_c11_20260727_150629.avi,57,c11,4,904.2,207.3,57.7,141.9,0,10
448,clip_c11_20260727_150629.avi,58,c11,4,921.8,207.3,46.3,132.4,0,10
449,clip_c11_20260727_150629.avi,59,c11,4,926.6,207.3,41.5,132.4,0,10
450,clip_c11_20260727_150629.avi,60,c11,4,941.3,207.3,26.8,132.4,1,10
456,clip_c9_20260727_150719.avi,0,c9,4,917.37,37.73,36.54,104.62,1,11
457,clip_c9_20260727_150719.avi,1,c9,4,924.8,37.73,31.0,104.62,1,11
458,clip_c9_20260727_150719.avi,2,c9,4,928.1,37.73,30.8,104.62,1,11
459,clip_c9_20260727_150719.avi,3,c9,4,922.8,37.73,36.1,104.62,1,11
460,clip_c9_20260727_150719.avi,4,c9,4,916.6,44.2,45.9,98.15,1,11
461,clip_c9_20260727_150719.avi,5,c9,4,916.6,46.6,45.9,95.75,1,11
462,clip_c9_20260727_150719.avi,6,c9,4,916.6,46.6,45.9,99.8,1,11
463,clip_c9_20260727_150719.avi,7,c9,4,930.7,46.6,35.9,99.8,1,11
464,clip_c9_20260727_150719.avi,8,c9,4,932.13,46.6,35.9,99.8,1,11
465,clip_c9_20260727_150719.avi,9,c9,4,929.7,46.6,38.33,114.8,1,11
466,clip_c9_20260727_150719.avi,10,c9,4,923.5,52.8,44.53,119.3,1,11
467,clip_c9_20260727_150719.avi,11,c9,4,918.2,52.8,44.3,123.6,1,11
468,clip_c9_20260727_150719.avi,12,c9,4,918.2,54.6,44.3,123.35,1,11
469,clip_c9_20260727_150719.avi,13,c9,4,918.2,56.4,44.3,123.1,1,11
470,clip_c9_20260727_150719.avi,14,c9,4,912.9,58.8,54.9,120.94,1,11
471,clip_c9_20260727_150719.avi,15,c9,4,898.8,58.8,80.0,120.94,1,11
472,clip_c9_20260727_150719.avi,16,c9,4,898.8,64.5,80.0,122.2,1,11
473,clip_c9_20260727_150719.avi,17,c9,4,898.8,66.6,80.0,126.5,1,11
474,clip_c9_20260727_150719.avi,18,c9,4,898.8,66.6,62.6,126.5,1,11
475,clip_c9_20260727_150719.avi,19,c9,4,917.4,68.5,44.0,132.2,1,11
476,clip_c9_20260727_150719.avi,20,c9,4,907.6,68.5,63.6,132.2,1,11
477,clip_c9_20260727_150719.avi,21,c9,4,898.3,70.9,77.7,129.8,1,11
478,clip_c9_20260727_150719.avi,22,c9,4,899.7,75.7,82.5,136.2,1,11
479,clip_c9_20260727_150719.avi,23,c9,4,899.7,75.7,72.0,136.2,1,11
480,clip_c9_20260727_150719.avi,24,c9,4,912.6,75.7,55.5,144.1,1,11
481,clip_c9_20260727_150719.avi,25,c9,4,918.6,82.3,57.4,137.5,1,11
482,clip_c9_20260727_150719.avi,26,c9,4,918.6,82.3,59.1,155.5,1,11
483,clip_c9_20260727_150719.avi,27,c9,4,913.9,82.3,63.8,155.5,1,11
484,clip_c9_20260727_150719.avi,28,c9,4,913.9,89.7,60.2,155.5,1,11
485,clip_c9_20260727_150719.avi,29,c9,4,912.5,89.7,56.5,159.8,1,11
486,clip_c9_20260727_150719.avi,30,c9,4,908.5,94.8,60.5,155.8,1,11
487,clip_c9_20260727_150719.avi,31,c9,4,908.5,98.2,61.9,161.2,1,11
488,clip_c9_20260727_150719.avi,32,c9,4,908.5,100.5,69.0,169.1,1,11
489,clip_c9_20260727_150719.avi,33,c9,4,904.7,104.0,70.1,174.0,1,11
490,clip_c9_20260727_150719.avi,34,c9,4,898.9,109.8,67.8,177.4,1,11
491,clip_c9_20260727_150719.avi,35,c9,4,888.5,109.8,68.6,177.4,1,11
492,clip_c9_20260727_150719.avi,36,c9,4,883.9,109.8,64.0,190.4,0,11
493,clip_c9_20260727_150719.avi,37,c9,4,883.9,122.8,64.0,188.1,0,11
494,clip_c9_20260727_150719.avi,38,c9,4,876.6,122.8,71.3,188.1,0,11
495,clip_c9_20260727_150719.avi,39,c9,4,866.6,130.5,71.3,188.5,0,11
496,clip_c9_20260727_150719.avi,40,c9,4,863.1,134.7,74.8,199.3,0,11
497,clip_c9_20260727_150719.avi,41,c9,4,857.0,139.3,73.6,194.7,0,11
498,clip_c9_20260727_150719.avi,42,c9,4,852.4,139.3,78.2,199.7,0,11
499,clip_c9_20260727_150719.avi,43,c9,4,857.0,146.6,77.4,207.4,0,11
500,clip_c9_20260727_150719.avi,44,c9,4,861.6,152.4,75.5,205.4,0,11
501,clip_c9_20260727_150719.avi,45,c9,4,861.6,155.5,83.6,202.3,0,11
502,clip_c9_20260727_150719.avi,46,c9,4,861.6,162.0,83.6,218.0,0,11
503,clip_c9_20260727_150719.avi,47,c9,4,851.8,162.0,81.2,228.7,0,11
504,clip_c9_20260727_150719.avi,48,c9,4,842.8,167.4,87.1,223.3,0,11
505,clip_c9_20260727_150719.avi,49,c9,4,842.8,177.3,99.7,236.3,0,11
506,clip_c9_20260727_150719.avi,50,c9,4,849.1,177.3,97.9,247.1,0,11
507,clip_c9_20260727_150719.avi,51,c9,4,854.0,185.4,93.0,243.9,0,11
508,clip_c9_20260727_150719.avi,52,c9,4,853.1,192.1,97.9,261.5,0,11
509,clip_c9_20260727_150719.avi,53,c9,4,853.1,196.6,99.7,268.7,0,11
510,clip_c9_20260727_150719.avi,54,c9,4,859.2,202.6,98.2,262.7,0,11
511,clip_c9_20260727_150719.avi,55,c9,4,877.1,207.4,115.5,282.3,0,11
512,clip_c9_20260727_150719.avi,56,c9,4,898.6,207.4,94.0,293.0,0,11
513,clip_c9_20260727_150719.avi,57,c9,4,911.1,207.4,95.8,293.0,0,11
514,clip_c9_20260727_150719.avi,58,c9,4,926.0,222.3,100.6,307.9,0,11
515,clip_c9_20260727_150719.avi,59,c9,4,943.9,227.1,111.3,317.4,0,11
516,clip_c9_20260727_150719.avi,60,c9,4,979.0,233.1,95.3,311.4,0,11
517,clip_c9_20260727_150719.avi,61,c9,4,1000.5,243.8,135.8,300.7,0,11
518,clip_c9_20260727_150719.avi,62,c9,4,1005.3,243.8,162.0,310.8,0,11
519,clip_c9_20260727_150719.avi,63,c9,4,1060.7,248.0,120.9,306.6,0,11
520,clip_c9_20260727_150719.avi,64,c9,4,1110.8,248.0,128.5,330.6,0,11
521,clip_c9_20260727_150719.avi,65,c9,4,1110.8,261.2,171.2,323.4,0,11
522,clip_c9_20260727_150719.avi,66,c9,4,1187.1,261.2,116.5,323.4,0,11
523,clip_c9_20260727_150719.avi,67,c9,4,1221.9,261.2,110.3,323.4,0,11
524,clip_c9_20260727_150719.avi,68,c9,4,1221.9,293.2,110.3,291.4,1,11
526,clip_c8_20260727_150740.avi,0,c8,4,181.6,807.05,265.79,231.45,0,12
527,clip_c8_20260727_150740.avi,1,c8,4,218.6,807.05,245.7,261.35,0,12
528,clip_c8_20260727_150740.avi,2,c8,4,264.5,825.8,297.0,246.6,0,12
529,clip_c8_20260727_150740.avi,3,c8,4,309.5,832.5,258.2,243.9,0,12
530,clip_c8_20260727_150740.avi,4,c8,4,365.2,827.1,274.3,249.7,0,12
531,clip_c8_20260727_150740.avi,5,c8,4,428.1,819.1,289.9,257.7,0,12
532,clip_c8_20260727_150740.avi,6,c8,4,477.6,788.3,240.4,288.5,0,12
533,clip_c8_20260727_150740.avi,7,c8,4,556.5,772.7,203.4,273.3,0,12
534,clip_c8_20260727_150740.avi,8,c8,4,621.5,759.7,239.4,286.3,1,12
535,clip_c8_20260727_150740.avi,9,c8,4,685.5,730.7,175.4,315.3,1,12
536,clip_c8_20260727_150740.avi,10,c8,4,735.5,698.7,252.4,347.3,1,12
537,clip_c8_20260727_150740.avi,11,c8,4,929.5,698.7,95.4,208.3,1,12
538,clip_c8_20260727_150740.avi,12,c8,4,929.5,698.7,106.4,234.3,1,12
539,clip_c8_20260727_150740.avi,13,c8,4,929.5,589.7,212.4,343.3,1,12
540,clip_c8_20260727_150740.avi,14,c8,4,963.5,551.7,192.4,340.3,0,12
541,clip_c8_20260727_150740.avi,15,c8,4,1027.5,513.7,200.4,326.3,0,12
542,clip_c8_20260727_150740.avi,16,c8,4,1060.5,486.7,213.4,351.3,0,12
543,clip_c8_20260727_150740.avi,17,c8,4,1103.5,453.7,193.4,350.3,0,12
544,clip_c8_20260727_150740.avi,18,c8,4,1135.5,453.7,161.4,278.3,1,12
545,clip_c8_20260727_150740.avi,19,c8,4,1163.5,377.7,167.4,354.3,1,12
546,clip_c8_20260727_150740.avi,20,c8,4,1211.5,351.7,150.4,326.3,1,12
547,clip_c8_20260727_150740.avi,21,c8,4,1244.5,324.7,171.4,327.3,1,12
548,clip_c8_20260727_150740.avi,22,c8,4,1257.5,303.7,166.4,345.3,1,12
549,clip_c8_20260727_150740.avi,23,c8,4,1283.5,274.7,155.4,318.3,1,12
550,clip_c8_20260727_150740.avi,24,c8,4,1283.5,254.7,164.4,304.3,1,12
551,clip_c8_20260727_150740.avi,25,c8,4,1331.5,239.7,115.4,319.3,1,12
552,clip_c8_20260727_150740.avi,26,c8,4,1361.5,218.7,112.4,276.3,1,12
553,clip_c8_20260727_150740.avi,27,c8,4,1378.5,202.7,122.4,288.3,1,12
554,clip_c8_20260727_150740.avi,28,c8,4,1378.5,183.7,127.4,307.3,1,12
555,clip_c8_20260727_150740.avi,29,c8,4,1401.5,167.7,104.4,244.3,0,12
556,clip_c8_20260727_150740.avi,30,c8,4,1401.5,154.7,110.4,257.3,0,12
557,clip_c8_20260727_150740.avi,31,c8,4,1418.5,143.7,107.4,260.3,0,12
558,clip_c8_20260727_150740.avi,32,c8,4,1454.5,135.7,98.4,242.3,0,12
559,clip_c8_20260727_150740.avi,33,c8,4,1454.5,127.7,105.4,250.3,0,12
560,clip_c8_20260727_150740.avi,34,c8,4,1479.5,119.7,103.4,246.3,0,12
561,clip_c8_20260727_150740.avi,35,c8,4,1500.5,108.7,92.4,224.3,0,12
562,clip_c8_20260727_150740.avi,36,c8,4,1500.5,102.7,103.4,230.3,0,12
563,clip_c8_20260727_150740.avi,37,c8,4,1521.5,101.7,101.4,222.3,0,12
564,clip_c8_20260727_150740.avi,38,c8,4,1558.5,97.7,87.4,214.3,0,12
565,clip_c8_20260727_150740.avi,39,c8,4,1569.3,97.7,99.8,214.3,0,12
566,clip_c8_20260727_150740.avi,40,c8,4,1574.7,97.7,101.4,214.3,0,12
567,clip_c8_20260727_150740.avi,41,c8,4,1624.3,97.7,61.0,197.6,1,12
568,clip_c8_20260727_150740.avi,42,c8,4,1632.4,97.7,81.4,197.6,1,12
584,clip_c10_20260727_165919.avi,0,c10,5,1.6,793.79,255.86,286.21,1,13
585,clip_c10_20260727_165919.avi,1,c10,5,3.1,709.9,254.36,366.3,0,13
586,clip_c10_20260727_165919.avi,2,c10,5,37.4,665.7,251.3,396.7,0,13
587,clip_c10_20260727_165919.avi,3,c10,5,55.7,626.0,236.1,361.6,0,13
588,clip_c10_20260727_165919.avi,4,c10,5,138.1,548.2,225.4,379.9,0,13
589,clip_c10_20260727_165919.avi,5,c10,5,156.4,513.1,210.2,340.2,0,13
590,clip_c10_20260727_165919.avi,6,c10,5,190.0,479.5,189.6,355.5,0,13
591,clip_c10_20260727_165919.avi,7,c10,5,232.7,423.8,158.3,308.2,0,13
592,clip_c10_20260727_165919.avi,8,c10,5,283.8,385.7,169.7,339.4,0,13
593,clip_c10_20260727_165919.avi,9,c10,5,309.7,359.8,143.8,295.9,0,13
594,clip_c10_20260727_165919.avi,10,c10,5,329.5,344.5,124.0,304.3,0,13
595,clip_c10_20260727_165919.avi,11,c10,5,354.7,327.0,129.3,305.8,0,13
596,clip_c10_20260727_165919.avi,12,c10,5,369.2,307.2,114.8,281.4,0,13
597,clip_c10_20260727_165919.avi,13,c10,5,389.0,291.9,142.3,279.9,0,13
598,clip_c10_20260727_165919.avi,14,c10,5,408.8,282.7,133.2,289.1,0,13
599,clip_c10_20260727_165919.avi,15,c10,5,430.2,261.3,114.9,254.8,0,13
600,clip_c10_20260727_165919.avi,16,c10,5,443.9,246.0,102.7,264.8,0,13
601,clip_c10_20260727_165919.avi,17,c10,5,461.4,239.1,113.4,261.0,0,13
602,clip_c10_20260727_165919.avi,18,c10,5,484.3,221.6,90.5,232.7,0,13
603,clip_c10_20260727_165919.avi,19,c10,5,493.5,211.7,115.6,242.6,0,13
604,clip_c10_20260727_165919.avi,20,c10,5,518.7,203.3,101.1,238.0,0,13
605,clip_c10_20260727_165919.avi,21,c10,5,530.1,190.3,89.7,216.7,0,13
606,clip_c10_20260727_165919.avi,22,c10,5,539.3,181.9,95.8,225.1,0,13
607,clip_c10_20260727_165919.avi,23,c10,5,553.0,177.3,82.1,219.8,0,13
608,clip_c10_20260727_165919.avi,24,c10,5,575.1,158.2,89.0,207.6,0,13
609,clip_c10_20260727_165919.avi,25,c10,5,589.6,153.6,74.5,200.0,0,13
610,clip_c10_20260727_165919.avi,26,c10,5,592.7,142.9,76.0,189.3,0,13
611,clip_c10_20260727_165919.avi,27,c10,5,610.2,130.7,66.1,173.3,0,13
612,clip_c10_20260727_165919.avi,28,c10,5,613.3,130.7,72.2,173.3,0,13
613,clip_c10_20260727_165919.avi,29,c10,5,619.4,123.1,69.9,155.7,0,13
614,clip_c10_20260727_165919.avi,30,c10,5,625.5,115.5,63.8,163.3,0,13
615,clip_c10_20260727_165919.avi,31,c10,5,625.5,115.5,63.8,157.2,0,13
616,clip_c10_20260727_165919.avi,32,c10,5,625.5,109.4,63.8,156.4,0,13
617,clip_c10_20260727_165919.avi,33,c10,5,625.5,109.4,63.8,154.1,0,13
618,clip_c10_20260727_165919.avi,34,c10,5,625.5,103.3,63.8,147.2,0,13
619,clip_c10_20260727_165919.avi,35,c10,5,625.5,94.9,63.8,152.5,0,13
620,clip_c10_20260727_165919.avi,36,c10,5,625.5,94.9,63.8,144.85,0,13
621,clip_c10_20260727_165919.avi,37,c10,5,625.5,94.9,63.8,137.2,0,13
622,clip_c10_20260727_165919.avi,38,c10,5,625.5,90.3,63.8,141.8,0,13
623,clip_c10_20260727_165919.avi,39,c10,5,633.1,90.3,56.2,130.3,0,13
624,clip_c10_20260727_165919.avi,40,c10,5,639.2,83.4,50.1,137.2,0,13
625,clip_c10_20260727_165919.avi,41,c10,5,642.3,83.4,47.0,128.0,0,13
626,clip_c10_20260727_165919.avi,42,c10,5,642.3,82.4,47.0,122.9,0,13
627,clip_c10_20260727_165919.avi,43,c10,5,646.0,82.4,46.0,122.9,0,13
628,clip_c10_20260727_165919.avi,44,c10,5,646.0,75.9,46.0,115.2,0,13
634,clip_c11_20260727_170139.avi,0,c11,5,1665.0,551.41,181.2,359.09,0,14
635,clip_c11_20260727_170139.avi,1,c11,5,1628.9,551.41,189.4,351.69,0,14
636,clip_c11_20260727_170139.avi,2,c11,5,1628.9,539.9,163.2,363.2,0,14
637,clip_c11_20260727_170139.avi,3,c11,5,1628.9,526.0,140.2,377.1,0,14
638,clip_c11_20260727_170139.avi,4,c11,5,1519.0,526.0,250.1,377.1,0,14
639,clip_c11_20260727_170139.avi,5,c11,5,1502.6,513.7,189.4,389.4,0,14
640,clip_c11_20260727_170139.avi,6,c11,5,1502.6,496.5,155.8,382.8,0,14
641,clip_c11_20260727_170139.avi,7,c11,5,1386.2,487.5,219.7,379.5,0,14
642,clip_c11_20260727_170139.avi,8,c11,5,1360.0,480.9,200.8,375.4,0,14
643,clip_c11_20260727_170139.avi,9,c11,5,1360.0,455.1,144.8,378.6,0,14
644,clip_c11_20260727_170139.avi,10,c11,5,1293.2,444.9,178.6,388.8,0,14
645,clip_c11_20260727_170139.avi,11,c11,5,1236.5,435.6,182.0,398.1,0,14
646,clip_c11_20260727_170139.avi,12,c11,5,1236.5,417.0,139.7,380.3,0,14
647,clip_c11_20260727_170139.avi,13,c11,5,1157.8,399.2,175.2,376.9,0,14
648,clip_c11_20260727_170139.avi,14,c11,5,1120.6,395.8,170.1,372.7,0,14
649,clip_c11_20260727_170139.avi,15,c11,5,1120.6,374.6,128.6,349.9,0,14
650,clip_c11_20260727_170139.avi,16,c11,5,1120.6,361.1,104.1,358.3,0,14
651,clip_c11_20260727_170139.avi,17,c11,5,1069.0,358.6,126.9,359.1,0,14
652,clip_c11_20260727_170139.avi,18,c11,5,1031.8,343.4,139.6,348.9,0,14
653,clip_c11_20260727_170139.avi,19,c11,5,1007.3,325.6,141.3,328.6,0,14
654,clip_c11_20260727_170139.avi,20,c11,5,971.8,325.6,132.0,328.6,0,14
655,clip_c11_20260727_170139.avi,21,c11,5,958.3,315.4,145.5,316.0,0,14
656,clip_c11_20260727_170139.avi,22,c11,5,932.9,302.7,120.1,297.4,0,14
657,clip_c11_20260727_170139.avi,23,c11,5,919.4,299.3,114.1,300.8,0,14
658,clip_c11_20260727_170139.avi,24,c11,5,892.3,295.1,120.0,292.3,0,14
659,clip_c11_20260727_170139.avi,25,c11,5,892.3,283.3,104.8,271.9,0,14
660,clip_c11_20260727_170139.avi,26,c11,5,878.8,274.8,99.7,280.4,0,14
661,clip_c11_20260727_170139.avi,27,c11,5,872.9,274.8,87.0,271.1,0,14
662,clip_c11_20260727_170139.avi,28,c11,5,850.1,264.6,97.1,253.4,0,14
663,clip_c11_20260727_170139.avi,29,c11,5,828.9,257.8,107.3,256.0,0,14
664,clip_c11_20260727_170139.avi,30,c11,5,822.1,257.8,114.1,250.1,0,14
665,clip_c11_20260727_170139.avi,31,c11,5,822.1,250.2,98.0,234.9,0,14
666,clip_c11_20260727_170139.avi,32,c11,5,833.9,243.4,86.2,233.2,0,14
667,clip_c11_20260727_170139.avi,33,c11,5,833.9,243.4,67.6,228.1,0,14
668,clip_c11_20260727_170139.avi,34,c11,5,811.9,236.6,84.5,225.6,0,14
669,clip_c11_20260727_170139.avi,35,c11,5,799.2,229.8,92.1,215.5,0,14
670,clip_c11_20260727_170139.avi,36,c11,5,796.7,229.8,108.1,215.5,0,14
671,clip_c11_20260727_170139.avi,37,c11,5,795.0,225.6,112.3,212.1,0,14
672,clip_c11_20260727_170139.avi,38,c11,5,800.8,216.4,86.1,199.6,0,14
673,clip_c11_20260727_170139.avi,39,c11,5,808.7,215.6,73.2,200.4,0,14
674,clip_c11_20260727_170139.avi,40,c11,5,804.1,216.0,72.8,194.6,0,14
675,clip_c11_20260727_170139.avi,41,c11,5,804.1,210.2,72.8,184.1,0,14
676,clip_c11_20260727_170139.avi,42,c11,5,807.4,207.3,64.1,187.0,0,14
677,clip_c11_20260727_170139.avi,43,c11,5,807.4,207.3,64.1,182.0,0,14
678,clip_c11_20260727_170139.avi,44,c11,5,807.4,202.7,59.9,172.0,0,14
679,clip_c11_20260727_170139.avi,45,c11,5,802.0,202.7,61.1,171.2,0,14
680,clip_c11_20260727_170139.avi,46,c11,5,798.2,202.7,57.0,166.6,0,14
681,clip_c11_20260727_170139.avi,47,c11,5,789.0,196.4,66.2,162.1,0,14
682,clip_c11_20260727_170139.avi,48,c11,5,784.8,193.5,59.6,162.5,0,14
683,clip_c11_20260727_170139.avi,49,c11,5,781.9,193.5,55.8,160.0,0,14
684,clip_c11_20260727_170139.avi,50,c11,5,775.2,193.5,58.7,153.3,0,14
685,clip_c11_20260727_170139.avi,51,c11,5,775.2,186.0,58.7,155.8,0,14
686,clip_c11_20260727_170139.avi,52,c11,5,775.2,186.0,49.5,155.8,0,14
687,clip_c11_20260727_170139.avi,53,c11,5,775.2,186.0,41.6,146.2,0,14
688,clip_c11_20260727_170139.avi,54,c11,5,775.2,180.2,37.4,147.8,0,14
689,clip_c11_20260727_170139.avi,55,c11,5,775.2,180.2,33.2,147.8,0,14
690,clip_c11_20260727_170139.avi,56,c11,5,775.2,178.1,29.0,139.1,0,14
691,clip_c11_20260727_170139.avi,57,c11,5,775.2,178.1,24.4,139.1,1,14
692,clip_c11_20260727_170139.avi,58,c11,5,775.2,178.1,19.4,134.5,1,14
