timestamp,cpu_percent,ram_percent,cpu_peak,ram_peak,fps_effective,gpu_util,vram_mb
2026-09-02T11:39:04.691909+07:00,0.0,72.2,0.0,72.2,0.00,,
2026-09-02T11:39:06.694882+07:00,23.8,72.4,23.8,72.4,0.00,,
2026-09-02T11:39:08.700047+07:00,31.1,72.4,31.1,72.4,0.00,,
2026-09-02T11:39:10.705615+07:00,38.8,84.1,38.8,84.1,8.50,,
2026-09-02T11:39:12.711262+07:00,35.3,82.9,38.8,84.1,23.50,,
2026-09-02T11:39:14.719551+07:00,28.1,84.8,38.8,84.8,34.00,,
2026-09-02T11:39:16.730781+07:00,50.2,84.7,50.2,84.8,26.00,,
2026-09-02T11:39:18.739978+07:00,55.8,82.9,55.8,84.8,20.00,,
2026-09-02T11:39:20.743900+07:00,64.0,81.3,64.0,84.8,7.50,,
2026-09-02T11:39:22.745941+07:00,66.3,76.2,66.3,84.8,0.00,,
2026-09-02T11:39:24.751185+07:00,56.9,75.9,66.3,84.8,0.00,,
2026-09-02T11:39:26.755935+07:00,57.9,75.8,66.3,84.8,0.00,,
2026-09-02T11:39:28.761475+07:00,72.7,79.3,72.7,84.8,13.00,,
2026-09-02T11:39:30.767316+07:00,77.8,79.8,77.8,84.8,20.00,,
2026-09-02T11:39:32.774618+07:00,70.5,81.7,77.8,84.8,21.00,,
2026-09-02T11:39:34.777070+07:00,75.1,83.5,77.8,84.8,17.00,,
2026-09-02T11:39:36.782497+07:00,72.0,83.4,77.8,84.8,15.50,,
2026-09-02T11:39:38.783872+07:00,63.6,80.7,77.8,84.8,13.50,,
2026-09-02T11:39:40.792742+07:00,66.7,79.2,77.8,84.8,29.50,,
2026-09-02T11:39:42.796876+07:00,60.5,75.9,77.8,84.8,33.00,,
2026-09-02T11:39:44.799845+07:00,69.2,78.7,77.8,84.8,32.00,,
2026-09-02T11:39:46.801346+07:00,49.2,77.9,77.8,84.8,34.00,,
2026-09-02T11:39:48.807872+07:00,42.9,80.7,77.8,84.8,8.50,,
2026-09-02T11:39:50.812144+07:00,69.5,84.5,77.8,84.8,20.50,,
2026-09-02T11:39:52.813807+07:00,60.3,82.2,77.8,84.8,35.50,,
2026-09-02T11:39:54.818317+07:00,68.4,83.1,77.8,84.8,28.00,,
2026-09-02T11:39:56.821993+07:00,79.3,84.6,79.3,84.8,18.00,,
2026-09-02T11:39:58.830136+07:00,77.8,85.7,79.3,85.7,10.00,,
2026-09-02T11:40:00.835530+07:00,66.4,85.1,79.3,85.7,16.00,,
2026-09-02T11:40:02.841443+07:00,69.9,85.8,79.3,85.8,7.50,,
2026-09-02T11:40:04.846675+07:00,61.4,81.8,79.3,85.8,2.50,,
2026-09-02T11:40:06.852373+07:00,76.9,86.8,79.3,86.8,2.00,,
2026-09-02T11:40:08.858959+07:00,82.9,86.7,82.9,86.8,5.00,,
2026-09-02T11:40:10.951350+07:00,84.0,87.1,84.0,87.1,5.00,,
2026-09-02T11:40:12.962039+07:00,81.4,81.4,84.0,87.1,8.00,,
2026-09-02T11:40:14.970406+07:00,71.0,78.5,84.0,87.1,16.50,,
2026-09-02T11:40:16.975697+07:00,64.6,78.0,84.0,87.1,21.50,,
2026-09-02T11:40:18.978741+07:00,63.9,78.1,84.0,87.1,19.50,,
2026-09-02T11:40:20.982463+07:00,65.6,77.7,84.0,87.1,19.50,,
2026-09-02T11:40:22.990485+07:00,74.3,76.0,84.0,87.1,21.50,,
2026-09-02T11:40:24.997942+07:00,63.4,75.3,84.0,87.1,7.50,,
2026-09-02T11:40:27.001406+07:00,60.8,74.4,84.0,87.1,12.50,,
2026-09-02T11:40:29.003892+07:00,63.1,69.8,84.0,87.1,32.50,,
2026-09-02T11:40:31.010697+07:00,59.1,69.9,84.0,87.1,52.50,,
2026-09-02T11:40:33.015875+07:00,53.2,69.8,84.0,87.1,46.00,,
2026-09-02T11:40:35.021426+07:00,59.4,69.7,84.0,87.1,54.50,,
2026-09-02T11:40:37.022921+07:00,47.4,69.6,84.0,87.1,50.00,,
2026-09-02T11:40:39.028362+07:00,51.8,70.3,84.0,87.1,50.00,,
2026-09-02T11:40:41.030234+07:00,63.7,70.3,84.0,87.1,45.50,,
2026-09-02T11:40:43.035429+07:00,56.8,71.1,84.0,87.1,41.50,,
2026-09-02T11:40:45.040726+07:00,56.4,71.1,84.0,87.1,53.00,,
2026-09-02T11:40:47.044849+07:00,59.9,71.1,84.0,87.1,43.00,,
2026-09-02T11:40:49.050425+07:00,59.0,70.8,84.0,87.1,51.50,,
2026-09-02T11:40:51.055712+07:00,61.2,71.2,84.0,87.1,54.50,,
2026-09-02T11:40:53.060605+07:00,56.0,71.4,84.0,87.1,55.50,,
2026-09-02T11:40:55.066197+07:00,58.5,71.3,84.0,87.1,53.00,,
2026-09-02T11:40:57.069900+07:00,57.5,71.3,84.0,87.1,62.00,,
2026-09-02T11:40:59.074178+07:00,58.1,71.4,84.0,87.1,56.50,,
2026-09-02T11:41:01.079433+07:00,54.0,72.2,84.0,87.1,55.50,,
2026-09-02T11:41:03.084597+07:00,60.0,71.5,84.0,87.1,41.50,,
2026-09-02T11:41:05.088417+07:00,37.3,71.6,84.0,87.1,47.50,,
2026-09-02T11:41:07.112601+07:00,45.4,74.0,84.0,87.1,30.00,,
2026-09-02T11:41:09.129904+07:00,84.2,81.9,84.2,87.1,15.00,,
2026-09-02T11:41:11.134983+07:00,74.4,80.4,84.2,87.1,19.50,,
2026-09-02T11:41:13.146128+07:00,65.7,81.7,84.2,87.1,5.00,,
2026-09-02T11:41:15.155641+07:00,67.3,83.3,84.2,87.1,2.50,,
2026-09-02T11:41:17.156054+07:00,71.1,80.7,84.2,87.1,15.50,,
2026-09-02T11:41:19.161837+07:00,61.7,80.3,84.2,87.1,25.50,,
2026-09-02T11:41:21.167091+07:00,64.9,80.1,84.2,87.1,19.50,,
2026-09-02T11:41:23.176646+07:00,65.3,81.0,84.2,87.1,22.00,,
2026-09-02T11:41:25.183985+07:00,67.8,81.2,84.2,87.1,24.50,,
2026-09-02T11:41:27.189957+07:00,71.9,82.0,84.2,87.1,2.00,,
