source_clip,local_frame,camera,person_pred,x,y,w,h
clip_c8_20260617_150337.avi,0,c8_sim,Unknown #1,1608,82,71,227
clip_c8_20260617_150337.avi,1,c8_sim,Unknown #1,1609,77,72,230
clip_c8_20260617_150337.avi,2,c8_sim,Unknown #1,1604,75,76,231
clip_c8_20260617_150337.avi,3,c8_sim,Unknown #1,1601,79,76,240
clip_c8_20260617_150337.avi,4,c8_sim,Unknown #1,1584,92,72,253
clip_c8_20260617_150337.avi,5,c8_sim,Unknown #1,1582,97,68,248
clip_c8_20260617_150337.avi,6,c8_sim,Unknown #1,1563,101,84,244
clip_c8_20260617_150337.avi,7,c8_sim,Unknown #1,1537,105,109,236
clip_c8_20260617_150337.avi,8,c8_sim,Unknown #1,1514,107,128,240
clip_c8_20260617_150337.avi,9,c8_sim,Unknown #1,1512,108,127,242
clip_c8_20260617_150337.avi,10,c8_sim,Unknown #1,1511,106,108,248
clip_c8_20260617_150337.avi,11,c8_sim,Unknown #1,1511,111,97,255
clip_c8_20260617_150337.avi,12,c8_sim,Unknown #1,1491,129,98,277
clip_c8_20260617_150337.avi,13,c8_sim,Unknown #1,1479,132,101,274
clip_c8_20260617_150337.avi,14,c8_sim,Unknown #1,1466,135,105,269
clip_c8_20260617_150337.avi,15,c8_sim,Unknown #1,1434,139,125,266
clip_c8_20260617_150337.avi,16,c8_sim,Unknown #1,1421,143,130,263
clip_c8_20260617_150337.avi,17,c8_sim,Unknown #1,1418,148,123,257
clip_c8_20260617_150337.avi,18,c8_sim,Unknown #1,1416,150,109,255
clip_c8_20260617_150337.avi,19,c8_sim,Unknown #1,1421,151,101,254
clip_c8_20260617_150337.avi,20,c8_sim,Unknown #1,1399,163,102,242
clip_c8_20260617_150337.avi,21,c8_sim,Unknown #1,1388,174,103,232
clip_c8_20260617_150337.avi,22,c8_sim,Unknown #1,1381,183,103,223
clip_c8_20260617_150337.avi,23,c8_sim,Unknown #1,1372,191,104,216
clip_c8_20260617_150337.avi,24,c8_sim,Unknown #1,1355,193,115,213
clip_c8_20260617_150337.avi,25,c8_sim,Unknown #1,1343,196,118,212
clip_c8_20260617_150337.avi,26,c8_sim,Unknown #1,1331,202,125,204
clip_c8_20260617_150337.avi,28,c8_sim,Unknown #1,1291,221,139,318
clip_c8_20260617_150337.avi,29,c8_sim,Unknown #1,1291,234,116,307
clip_c8_20260617_150337.avi,30,c8_sim,Unknown #1,1279,241,119,299
clip_c8_20260617_150337.avi,31,c8_sim,Unknown #1,1260,256,124,333
clip_c8_20260617_150337.avi,32,c8_sim,Unknown #1,1251,269,125,355
clip_c8_20260617_150337.avi,33,c8_sim,Unknown #1,1238,283,131,348
clip_c8_20260617_150337.avi,34,c8_sim,Unknown #1,1234,292,126,339
clip_c8_20260617_150337.avi,35,c8_sim,Unknown #1,1224,297,127,335
clip_c8_20260617_150337.avi,36,c8_sim,Unknown #1,1206,302,131,330
clip_c8_20260617_150337.avi,37,c8_sim,Unknown #1,1158,322,158,339
clip_c8_20260617_150337.avi,38,c8_sim,Unknown #1,1142,327,160,343
clip_c8_20260617_150337.avi,39,c8_sim,Unknown #1,1137,332,162,343
clip_c8_20260617_150337.avi,40,c8_sim,Unknown #1,1111,363,136,328
clip_c8_20260617_150337.avi,41,c8_sim,Unknown #1,1089,385,136,327
clip_c8_20260617_150337.avi,42,c8_sim,Unknown #1,1073,461,136,305
clip_c8_20260617_150337.avi,43,c8_sim,Unknown #1,1057,458,138,319
clip_c8_20260617_150337.avi,44,c8_sim,Unknown #1,1040,460,147,320
clip_c8_20260617_150337.avi,45,c8_sim,Unknown #1,1023,461,143,320
clip_c8_20260617_150337.avi,46,c8_sim,Unknown #1,993,460,148,324
clip_c8_20260617_150337.avi,47,c8_sim,Unknown #1,974,463,148,318
clip_c8_20260617_150337.avi,48,c8_sim,Unknown #1,971,465,143,326
clip_c11_20260617_152852.avi,72,c11_sim,Unknown #2,775,231,62,184
clip_c11_20260617_152852.avi,73,c11_sim,Unknown #2,775,232,56,183
clip_c11_20260617_152852.avi,74,c11_sim,Unknown #2,775,229,52,187
clip_c11_20260617_152852.avi,75,c11_sim,Unknown #2,775,231,54,192
clip_c11_20260617_152852.avi,76,c11_sim,Unknown #2,775,234,55,198
clip_c11_20260617_152852.avi,77,c11_sim,Unknown #2,775,237,58,201
clip_c11_20260617_152852.avi,78,c11_sim,Unknown #2,776,236,68,198
clip_c11_20260617_152852.avi,79,c11_sim,Unknown #2,776,237,68,201
clip_c11_20260617_152852.avi,80,c11_sim,Unknown #2,776,239,66,201
clip_c11_20260617_152852.avi,81,c11_sim,Unknown #2,777,240,64,202
clip_c11_20260617_152852.avi,82,c11_sim,Unknown #2,776,243,70,206
clip_c11_20260617_152852.avi,83,c11_sim,Unknown #2,773,247,87,203
clip_c11_20260617_152852.avi,84,c11_sim,Unknown #2,779,250,76,220
clip_c11_20260617_152852.avi,85,c11_sim,Unknown #2,778,251,75,222
clip_c11_20260617_152852.avi,86,c11_sim,Unknown #2,774,251,76,229
clip_c11_20260617_152852.avi,87,c11_sim,Unknown #2,771,252,79,226
clip_c11_20260617_152852.avi,88,c11_sim,Unknown #2,769,255,81,223
clip_c11_20260617_152852.avi,89,c11_sim,Unknown #2,766,254,87,225
clip_c11_20260617_152852.avi,90,c11_sim,Unknown #2,760,254,94,223
clip_c11_20260617_152852.avi,91,c11_sim,Unknown #2,764,260,92,224
clip_c11_20260617_152852.avi,92,c11_sim,Unknown #2,782,268,99,231
clip_c11_20260617_152852.avi,93,c11_sim,Unknown #2,781,275,97,250
clip_c11_20260617_152852.avi,94,c11_sim,Unknown #2,782,276,91,249
clip_c11_20260617_152852.avi,95,c11_sim,Unknown #2,781,278,86,244
clip_c11_20260617_152852.avi,96,c11_sim,Unknown #2,781,278,85,247
clip_c11_20260617_152852.avi,97,c11_sim,Unknown #2,786,287,90,244
clip_c11_20260617_152852.avi,98,c11_sim,Unknown #2,797,293,96,252
clip_c11_20260617_152852.avi,99,c11_sim,Unknown #2,796,291,100,247
clip_c11_20260617_152852.avi,100,c11_sim,Unknown #2,787,297,109,272
clip_c11_20260617_152852.avi,101,c11_sim,Unknown #2,784,304,105,268
clip_c11_20260617_152852.avi,102,c11_sim,Unknown #2,778,305,108,268
clip_c11_20260617_152852.avi,103,c11_sim,Unknown #2,777,306,107,268
clip_c11_20260617_152852.avi,104,c11_sim,Unknown #2,781,308,98,278
clip_c11_20260617_152852.avi,105,c11_sim,Unknown #2,786,311,89,282
clip_c11_20260617_152852.avi,106,c11_sim,Unknown #2,788,313,88,287
clip_c11_20260617_152852.avi,107,c11_sim,Unknown #2,797,322,86,298
clip_c11_20260617_152852.avi,108,c11_sim,Unknown #2,800,323,87,300
clip_c11_20260617_152852.avi,109,c11_sim,Unknown #2,801,325,87,292
clip_c11_20260617_152852.avi,110,c11_sim,Unknown #2,802,327,87,299
clip_c11_20260617_152852.avi,111,c11_sim,Unknown #2,795,338,92,313
clip_c11_20260617_152852.avi,112,c11_sim,Unknown #2,789,342,98,309
clip_c11_20260617_152852.avi,113,c11_sim,Unknown #2,788,342,100,313
clip_c11_20260617_152852.avi,114,c11_sim,Unknown #2,797,350,109,326
clip_c11_20260617_152852.avi,115,c11_sim,Unknown #2,807,356,104,320
clip_c11_20260617_152852.avi,116,c11_sim,Unknown #2,828,362,116,327
clip_c11_20260617_152852.avi,117,c11_sim,Unknown #2,837,367,114,348
clip_c11_20260617_152852.avi,118,c11_sim,Unknown #2,842,377,117,355
clip_c11_20260617_152852.avi,119,c11_sim,Unknown #2,843,384,117,371
clip_c11_20260617_152852.avi,120,c11_sim,Unknown #2,845,386,119,365
clip_c11_20260617_152852.avi,121,c11_sim,Unknown #2,847,390,123,361
clip_c11_20260617_152852.avi,122,c11_sim,Unknown #2,853,393,120,364
clip_c11_20260617_152852.avi,123,c11_sim,Unknown #2,857,395,126,365
clip_c11_20260617_152852.avi,124,c11_sim,Unknown #2,870,409,133,359
clip_c11_20260617_152852.avi,125,c11_sim,Unknown #2,876,413,144,374
clip_c11_20260617_152852.avi,126,c11_sim,Unknown #2,878,413,151,377
clip_c11_20260617_152852.avi,127,c11_sim,Unknown #2,881,415,152,371
clip_c11_20260617_152852.avi,128,c11_sim,Unknown #2,883,418,158,372
clip_c11_20260617_152852.avi,129,c11_sim,Unknown #2,899,419,147,374
clip_c11_20260617_152852.avi,130,c11_sim,Unknown #2,940,431,115,393
clip_c11_20260617_152852.avi,131,c11_sim,Unknown #2,959,452,154,406
clip_c11_20260617_152852.avi,144,c11_sim,Unknown #2,1223,532,156,403
clip_c11_20260617_152852.avi,145,c11_sim,Unknown #2,1222,537,178,397
clip_c11_20260617_152852.avi,146,c11_sim,Unknown #2,1222,545,200,390
clip_c11_20260617_152852.avi,147,c11_sim,Unknown #2,1244,548,203,375
clip_c11_20260617_152852.avi,148,c11_sim,Unknown #2,1266,547,211,387
clip_c11_20260617_152852.avi,155,c11_sim,Unknown #2,1431,594,202,388
clip_c11_20260617_152852.avi,156,c11_sim,Unknown #2,1433,599,212,367
clip_c11_20260617_152852.avi,157,c11_sim,Unknown #2,1437,605,241,372
clip_c11_20260617_152852.avi,158,c11_sim,Unknown #2,1469,603,231,358
clip_c11_20260617_152852.avi,159,c11_sim,Unknown #2,1504,604,213,376
clip_c11_20260617_152852.avi,160,c11_sim,Unknown #2,1521,605,203,377
clip_c11_20260617_152852.avi,161,c11_sim,Unknown #2,1544,608,192,374
clip_c11_20260617_152852.avi,162,c11_sim,Unknown #2,1542,623,223,346
clip_c11_20260617_152852.avi,163,c11_sim,Unknown #2,1539,631,242,339
clip_c11_20260617_152852.avi,164,c11_sim,Unknown #2,1548,640,249,382
clip_c11_20260617_152852.avi,165,c11_sim,Unknown #2,1584,643,233,387
clip_c11_20260617_152852.avi,166,c11_sim,Unknown #2,1653,648,204,422
clip_c11_20260617_152852.avi,167,c11_sim,Unknown #2,1645,655,222,422
clip_c11_20260617_152852.avi,168,c11_sim,Unknown #2,1644,654,227,425
clip_c11_20260617_152852.avi,169,c11_sim,Unknown #2,1658,657,220,423
clip_c11_20260617_152852.avi,4,c11_sim,Unknown #3,803,155,47,125
clip_c11_20260617_152852.avi,5,c11_sim,Unknown #3,794,157,50,129
clip_c11_20260617_152852.avi,6,c11_sim,Unknown #3,796,163,42,125
clip_c11_20260617_152852.avi,9,c11_sim,Unknown #3,800,154,45,140
clip_c11_20260617_152852.avi,10,c11_sim,Unknown #3,800,160,45,133
clip_c11_20260617_152852.avi,11,c11_sim,Unknown #3,800,159,46,134
clip_c11_20260617_152852.avi,12,c11_sim,Unknown #3,802,159,46,135
clip_c11_20260617_152852.avi,13,c11_sim,Unknown #3,801,159,50,140
clip_c11_20260617_152852.avi,14,c11_sim,Unknown #3,800,165,47,137
clip_c11_20260617_152852.avi,15,c11_sim,Unknown #3,800,165,49,136
clip_c11_20260617_152852.avi,16,c11_sim,Unknown #3,801,163,47,138
clip_c11_20260617_152852.avi,26,c11_sim,Unknown #3,804,172,51,146
clip_c11_20260617_152852.avi,32,c11_sim,Unknown #3,804,174,54,154
clip_c11_20260617_152852.avi,33,c11_sim,Unknown #3,803,173,54,156
clip_c11_20260617_152852.avi,34,c11_sim,Unknown #3,802,173,54,157
clip_c11_20260617_152852.avi,35,c11_sim,Unknown #3,799,179,55,157
clip_c11_20260617_152852.avi,36,c11_sim,Unknown #3,798,180,57,158
clip_c11_20260617_152852.avi,37,c11_sim,Unknown #3,795,178,59,160
clip_c11_20260617_152852.avi,38,c11_sim,Unknown #3,794,179,58,164
clip_c11_20260617_152852.avi,39,c11_sim,Unknown #3,796,181,56,162
clip_c11_20260617_152852.avi,40,c11_sim,Unknown #3,796,182,56,162
clip_c11_20260617_152852.avi,41,c11_sim,Unknown #3,796,180,61,166
clip_c11_20260617_152852.avi,42,c11_sim,Unknown #3,804,180,57,169
clip_c11_20260617_152852.avi,43,c11_sim,Unknown #3,805,181,58,169
clip_c11_20260617_152852.avi,44,c11_sim,Unknown #3,805,182,58,167
clip_c11_20260617_152852.avi,45,c11_sim,Unknown #3,810,182,57,173
clip_c11_20260617_152852.avi,46,c11_sim,Unknown #3,810,183,56,175
clip_c11_20260617_152852.avi,47,c11_sim,Unknown #3,810,185,56,177
clip_c11_20260617_152852.avi,48,c11_sim,Unknown #3,808,186,58,176
clip_c11_20260617_152852.avi,49,c11_sim,Unknown #3,808,183,57,179
clip_c11_20260617_152852.avi,50,c11_sim,Unknown #3,803,182,64,181
clip_c11_20260617_152852.avi,51,c11_sim,Unknown #3,807,185,65,181
clip_c11_20260617_152852.avi,52,c11_sim,Unknown #3,810,197,65,171
clip_c11_20260617_152852.avi,53,c11_sim,Unknown #3,814,188,62,182
clip_c11_20260617_152852.avi,54,c11_sim,Unknown #3,821,189,65,184
clip_c11_20260617_152852.avi,55,c11_sim,Unknown #3,822,191,67,183
clip_c11_20260617_152852.avi,56,c11_sim,Unknown #3,823,190,67,184
clip_c11_20260617_152852.avi,57,c11_sim,Unknown #3,824,192,66,183
clip_c11_20260617_152852.avi,58,c11_sim,Unknown #3,827,195,68,187
clip_c11_20260617_152852.avi,59,c11_sim,Unknown #3,826,193,70,190
clip_c11_20260617_152852.avi,60,c11_sim,Unknown #3,828,193,69,191
clip_c11_20260617_152852.avi,61,c11_sim,Unknown #3,828,194,67,195
clip_c11_20260617_152852.avi,62,c11_sim,Unknown #3,830,195,63,193
clip_c11_20260617_152852.avi,63,c11_sim,Unknown #3,837,193,57,198
clip_c11_20260617_152852.avi,64,c11_sim,Unknown #3,840,193,56,201
clip_c11_20260617_152852.avi,66,c11_sim,Unknown #3,842,198,67,201
clip_c11_20260617_152852.avi,67,c11_sim,Unknown #3,843,202,71,198
clip_c11_20260617_152852.avi,68,c11_sim,Unknown #3,846,207,74,194
clip_c11_20260617_152852.avi,69,c11_sim,Unknown #3,856,207,75,196
clip_c11_20260617_152852.avi,70,c11_sim,Unknown #3,859,213,73,199
clip_c11_20260617_152852.avi,71,c11_sim,Unknown #3,866,221,67,191
clip_c11_20260617_152852.avi,72,c11_sim,Unknown #3,865,216,68,201
clip_c11_20260617_152852.avi,73,c11_sim,Unknown #3,866,219,69,199
clip_c11_20260617_152852.avi,74,c11_sim,Unknown #3,867,215,69,206
clip_c11_20260617_152852.avi,78,c11_sim,Unknown #3,880,215,75,220
clip_c11_20260617_152852.avi,79,c11_sim,Unknown #3,887,221,75,214
clip_c11_20260617_152852.avi,80,c11_sim,Unknown #3,890,231,77,208
clip_c11_20260617_152852.avi,81,c11_sim,Unknown #3,893,228,77,212
clip_c11_20260617_152852.avi,82,c11_sim,Unknown #3,898,221,78,218
clip_c11_20260617_152852.avi,83,c11_sim,Unknown #3,906,225,77,233
clip_c11_20260617_152852.avi,84,c11_sim,Unknown #3,911,225,72,241
clip_c11_20260617_152852.avi,85,c11_sim,Unknown #3,911,227,72,238
clip_c11_20260617_152852.avi,86,c11_sim,Unknown #3,911,228,76,237
clip_c11_20260617_152852.avi,87,c11_sim,Unknown #3,913,229,74,237
clip_c11_20260617_152852.avi,88,c11_sim,Unknown #3,912,229,76,238
clip_c11_20260617_152852.avi,89,c11_sim,Unknown #3,913,230,77,239
clip_c11_20260617_152852.avi,90,c11_sim,Unknown #3,912,233,94,240
clip_c11_20260617_152852.avi,91,c11_sim,Unknown #3,917,237,89,246
clip_c11_20260617_152852.avi,92,c11_sim,Unknown #3,923,245,99,257
clip_c11_20260617_152852.avi,93,c11_sim,Unknown #3,917,250,97,261
clip_c11_20260617_152852.avi,94,c11_sim,Unknown #3,915,251,99,260
clip_c11_20260617_152852.avi,95,c11_sim,Unknown #3,913,252,103,266
clip_c11_20260617_152852.avi,96,c11_sim,Unknown #3,913,251,101,268
clip_c11_20260617_152852.avi,97,c11_sim,Unknown #3,918,254,94,278
clip_c11_20260617_152852.avi,98,c11_sim,Unknown #3,931,258,93,270
clip_c11_20260617_152852.avi,99,c11_sim,Unknown #3,932,256,93,274
clip_c11_20260617_152852.avi,100,c11_sim,Unknown #3,934,260,101,288
clip_c11_20260617_152852.avi,101,c11_sim,Unknown #3,939,266,94,292
clip_c11_20260617_152852.avi,102,c11_sim,Unknown #3,937,271,96,300
clip_c11_20260617_152852.avi,103,c11_sim,Unknown #3,931,271,95,305
clip_c11_20260617_152852.avi,104,c11_sim,Unknown #3,927,273,97,301
clip_c11_20260617_152852.avi,105,c11_sim,Unknown #3,926,274,98,302
clip_c11_20260617_152852.avi,106,c11_sim,Unknown #3,926,274,98,305
clip_c11_20260617_152852.avi,107,c11_sim,Unknown #3,926,282,104,312
clip_c11_20260617_152852.avi,108,c11_sim,Unknown #3,929,283,109,317
clip_c11_20260617_152852.avi,109,c11_sim,Unknown #3,935,283,106,322
clip_c11_20260617_152852.avi,110,c11_sim,Unknown #3,943,287,105,317
clip_c11_20260617_152852.avi,111,c11_sim,Unknown #3,944,291,113,322
clip_c11_20260617_152852.avi,112,c11_sim,Unknown #3,951,296,109,331
clip_c11_20260617_152852.avi,113,c11_sim,Unknown #3,951,298,110,330
clip_c11_20260617_152852.avi,114,c11_sim,Unknown #3,946,302,104,350
clip_c11_20260617_152852.avi,115,c11_sim,Unknown #3,943,305,107,337
clip_c11_20260617_152852.avi,116,c11_sim,Unknown #3,951,317,119,357
clip_c11_20260617_152852.avi,117,c11_sim,Unknown #3,958,321,116,355
clip_c11_20260617_152852.avi,118,c11_sim,Unknown #3,964,324,119,360
clip_c11_20260617_152852.avi,119,c11_sim,Unknown #3,967,324,133,362
clip_c11_20260617_152852.avi,120,c11_sim,Unknown #3,973,328,138,360
clip_c11_20260617_152852.avi,121,c11_sim,Unknown #3,980,330,138,358
clip_c11_20260617_152852.avi,122,c11_sim,Unknown #3,990,331,132,382
clip_c11_20260617_152852.avi,123,c11_sim,Unknown #3,991,336,134,377
clip_c11_20260617_152852.avi,124,c11_sim,Unknown #3,996,341,133,390
clip_c11_20260617_152852.avi,125,c11_sim,Unknown #3,1001,343,134,392
clip_c11_20260617_152852.avi,126,c11_sim,Unknown #3,1006,342,127,394
clip_c11_20260617_152852.avi,127,c11_sim,Unknown #3,1008,343,122,392
clip_c11_20260617_152852.avi,128,c11_sim,Unknown #3,1009,344,121,387
clip_c11_20260617_152852.avi,129,c11_sim,Unknown #3,1008,346,119,391
clip_c11_20260617_152852.avi,130,c11_sim,Unknown #3,1029,355,105,381
clip_c11_20260617_152852.avi,131,c11_sim,Unknown #3,1042,364,118,409
clip_c11_20260617_152852.avi,132,c11_sim,Unknown #3,1017,366,152,408
clip_c11_20260617_152852.avi,133,c11_sim,Unknown #3,1030,362,161,411
clip_c11_20260617_152852.avi,134,c11_sim,Unknown #3,1012,368,188,490
clip_c11_20260617_152852.avi,135,c11_sim,Unknown #3,1015,370,190,484
clip_c11_20260617_152852.avi,136,c11_sim,Unknown #3,1015,371,194,485
clip_c11_20260617_152852.avi,137,c11_sim,Unknown #3,1019,376,201,496
clip_c11_20260617_152852.avi,138,c11_sim,Unknown #3,1057,384,186,477
clip_c11_20260617_152852.avi,141,c11_sim,Unknown #3,1105,395,149,405
clip_c11_20260617_152852.avi,142,c11_sim,Unknown #3,1112,399,142,443
clip_c11_20260617_152852.avi,143,c11_sim,Unknown #3,1114,401,143,446
clip_c11_20260617_152852.avi,144,c11_sim,Unknown #3,1126,410,144,412
clip_c11_20260617_152852.avi,145,c11_sim,Unknown #3,1134,415,148,413
clip_c11_20260617_152852.avi,146,c11_sim,Unknown #3,1137,424,158,406
clip_c11_20260617_152852.avi,147,c11_sim,Unknown #3,1137,428,176,413
clip_c11_20260617_152852.avi,148,c11_sim,Unknown #3,1143,427,194,423
clip_c11_20260617_152852.avi,149,c11_sim,Unknown #3,1149,430,206,424
clip_c11_20260617_152852.avi,150,c11_sim,Unknown #3,1168,438,202,426
clip_c11_20260617_152852.avi,151,c11_sim,Unknown #3,1185,442,200,451
clip_c11_20260617_152852.avi,152,c11_sim,Unknown #3,1206,448,195,463
clip_c11_20260617_152852.avi,153,c11_sim,Unknown #3,1219,460,190,491
clip_c11_20260617_152852.avi,154,c11_sim,Unknown #3,1219,468,196,491
clip_c11_20260617_152852.avi,155,c11_sim,Unknown #3,1233,476,198,484
clip_c11_20260617_152852.avi,156,c11_sim,Unknown #3,1238,484,194,476
clip_c11_20260617_152852.avi,157,c11_sim,Unknown #3,1238,499,205,462
clip_c11_20260617_152852.avi,158,c11_sim,Unknown #3,1240,509,208,471
clip_c11_20260617_152852.avi,159,c11_sim,Unknown #3,1241,517,230,485
clip_c11_20260617_152852.avi,160,c11_sim,Unknown #3,1242,520,232,495
clip_c11_20260617_152852.avi,161,c11_sim,Unknown #3,1242,531,241,491
clip_c11_20260617_152852.avi,162,c11_sim,Unknown #3,1257,534,279,494
clip_c11_20260617_152852.avi,166,c11_sim,Unknown #3,1333,588,297,489
clip_c11_20260617_152852.avi,167,c11_sim,Unknown #3,1349,593,301,483
clip_c11_20260617_152852.avi,168,c11_sim,Unknown #3,1359,595,293,481
clip_c11_20260617_152852.avi,169,c11_sim,Unknown #3,1382,600,282,475
clip_c11_20260617_152852.avi,170,c11_sim,Unknown #3,1393,609,305,468
clip_c11_20260617_152852.avi,171,c11_sim,Unknown #3,1391,615,322,462
clip_c11_20260617_152852.avi,172,c11_sim,Unknown #3,1406,609,328,466
clip_c11_20260617_152852.avi,173,c11_sim,Unknown #3,1438,602,320,474
clip_c11_20260617_152852.avi,174,c11_sim,Unknown #3,1481,604,285,466
clip_c11_20260617_152852.avi,175,c11_sim,Unknown #3,1512,606,265,465
clip_c11_20260617_152852.avi,176,c11_sim,Unknown #3,1516,604,266,461
clip_c11_20260617_152852.avi,177,c11_sim,Unknown #3,1513,611,277,457
clip_c11_20260617_152852.avi,178,c11_sim,Unknown #3,1510,622,304,446
clip_c11_20260617_152852.avi,179,c11_sim,Unknown #3,1516,628,326,438
clip_c11_20260617_152852.avi,180,c11_sim,Unknown #3,1528,631,328,434
clip_c11_20260617_152852.avi,181,c11_sim,Unknown #3,1549,634,346,431
clip_c11_20260617_152852.avi,182,c11_sim,Unknown #3,1566,643,349,425
clip_c11_20260617_152852.avi,183,c11_sim,Unknown #3,1565,644,350,424
clip_c11_20260617_152852.avi,184,c11_sim,Unknown #3,1566,644,346,425
clip_c11_20260617_152852.avi,185,c11_sim,Unknown #3,1566,644,348,424
clip_c11_20260617_152852.avi,186,c11_sim,Unknown #3,1564,645,351,423
clip_c11_20260617_152852.avi,187,c11_sim,Unknown #3,1564,647,351,423
clip_c11_20260617_152852.avi,188,c11_sim,Unknown #3,1563,646,349,425
clip_c11_20260617_152852.avi,189,c11_sim,Unknown #3,1563,642,346,428
clip_c11_20260617_152852.avi,190,c11_sim,Unknown #3,1564,642,343,428
clip_c11_20260617_152852.avi,191,c11_sim,Unknown #3,1563,641,343,427
clip_c11_20260617_152852.avi,192,c11_sim,Unknown #3,1584,660,332,412
clip_c11_20260617_152852.avi,193,c11_sim,Unknown #3,1580,652,329,381
clip_c11_20260617_152852.avi,194,c11_sim,Unknown #3,1580,663,329,372
clip_c11_20260617_152852.avi,195,c11_sim,Unknown #3,1577,667,336,375
clip_c11_20260617_152852.avi,200,c11_sim,Unknown #3,1580,676,330,362
clip_c11_20260617_152852.avi,201,c11_sim,Unknown #3,1580,677,328,361
clip_c11_20260617_152852.avi,202,c11_sim,Unknown #3,1582,678,312,350
clip_c11_20260617_152852.avi,203,c11_sim,Unknown #3,1582,677,319,352
clip_c11_20260617_152852.avi,204,c11_sim,Unknown #3,1582,676,323,351
clip_c11_20260617_152852.avi,205,c11_sim,Unknown #3,1579,676,331,357
clip_c11_20260617_152852.avi,206,c11_sim,Unknown #3,1582,675,318,353
clip_c11_20260617_152852.avi,215,c11_sim,Unknown #3,1582,690,319,342
clip_c11_20260617_152852.avi,218,c11_sim,Unknown #3,1580,687,333,356
clip_c11_20260617_152852.avi,227,c11_sim,Unknown #3,1579,695,332,343
clip_c11_20260617_152852.avi,230,c11_sim,Unknown #3,1581,670,323,363
clip_c11_20260617_152852.avi,231,c11_sim,Unknown #3,1580,668,327,370
clip_c11_20260617_152852.avi,233,c11_sim,Unknown #3,1581,668,275,374
clip_c11_20260617_152852.avi,235,c11_sim,Unknown #3,1595,660,253,395
clip_c11_20260617_152852.avi,236,c11_sim,Unknown #3,1596,661,255,396
clip_c11_20260617_152852.avi,237,c11_sim,Unknown #3,1595,665,259,390
clip_c11_20260617_152852.avi,238,c11_sim,Unknown #3,1595,668,258,383
clip_c11_20260617_152852.avi,239,c11_sim,Unknown #3,1595,669,258,383
clip_c11_20260617_152852.avi,240,c11_sim,Unknown #3,1593,667,261,380
clip_c11_20260617_152852.avi,241,c11_sim,Unknown #3,1593,667,261,378
clip_c11_20260617_152852.avi,242,c11_sim,Unknown #3,1593,665,259,379
clip_c11_20260617_152852.avi,243,c11_sim,Unknown #3,1594,666,248,383
clip_c11_20260617_152852.avi,244,c11_sim,Unknown #3,1594,672,246,380
clip_c11_20260617_152852.avi,245,c11_sim,Unknown #3,1592,677,254,380
clip_c11_20260617_152852.avi,246,c11_sim,Unknown #3,1597,686,253,360
clip_c11_20260617_152852.avi,247,c11_sim,Unknown #3,1596,690,256,357
clip_c11_20260617_152852.avi,248,c11_sim,Unknown #3,1594,705,260,343
clip_c11_20260617_152852.avi,249,c11_sim,Unknown #3,1594,706,259,338
clip_c11_20260617_152852.avi,250,c11_sim,Unknown #3,1593,706,260,343
clip_c11_20260617_152852.avi,251,c11_sim,Unknown #3,1584,711,267,334
clip_c11_20260617_152852.avi,252,c11_sim,Unknown #3,1580,715,267,342
clip_c11_20260617_152852.avi,253,c11_sim,Unknown #3,1579,722,265,337
clip_c11_20260617_152852.avi,254,c11_sim,Unknown #3,1570,733,263,330
clip_c11_20260617_152852.avi,257,c11_sim,Unknown #3,1553,748,243,313
clip_c11_20260617_152852.avi,258,c11_sim,Unknown #3,1550,755,246,307
clip_c11_20260617_152852.avi,262,c11_sim,Unknown #3,1551,776,233,288
clip_c11_20260617_152852.avi,263,c11_sim,Unknown #3,1551,775,233,288
clip_c11_20260617_152852.avi,264,c11_sim,Unknown #3,1550,777,234,286
clip_c11_20260617_152852.avi,266,c11_sim,Unknown #3,1549,771,256,299
clip_c11_20260617_152852.avi,267,c11_sim,Unknown #3,1552,737,287,325
clip_c11_20260617_152852.avi,268,c11_sim,Unknown #3,1554,724,287,337
clip_c11_20260617_152852.avi,269,c11_sim,Unknown #3,1579,638,289,377
clip_c11_20260617_152852.avi,271,c11_sim,Unknown #3,1641,613,278,464
clip_c11_20260617_152852.avi,272,c11_sim,Unknown #3,1640,617,279,460
clip_c11_20260617_152852.avi,273,c11_sim,Unknown #3,1640,617,279,460
clip_c12_20260617_152841.avi,0,c12_sim,Unknown #3,46,432,70,200
clip_c12_20260617_152841.avi,1,c12_sim,Unknown #3,27,438,84,207
clip_c12_20260617_152841.avi,2,c12_sim,Unknown #3,22,438,91,204
clip_c12_20260617_152841.avi,4,c12_sim,Unknown #3,0,469,79,208
clip_c12_20260617_152841.avi,5,c12_sim,Unknown #3,0,474,57,202
clip_c12_20260617_152841.avi,6,c12_sim,Unknown #3,0,477,54,205
clip_c12_20260617_152841.avi,7,c12_sim,Unknown #3,0,478,55,216
clip_c12_20260617_152841.avi,8,c12_sim,Unknown #3,10,423,91,248
clip_c12_20260617_152841.avi,9,c12_sim,Unknown #3,9,427,84,244
clip_c12_20260617_152841.avi,10,c12_sim,Unknown #3,8,434,88,237
clip_c12_20260617_152841.avi,11,c12_sim,Unknown #3,8,435,89,234
clip_c12_20260617_152841.avi,12,c12_sim,Unknown #3,20,427,77,241
clip_c12_20260617_152841.avi,13,c12_sim,Unknown #3,14,427,89,237
clip_c12_20260617_152841.avi,14,c12_sim,Unknown #3,23,431,80,231
clip_c12_20260617_152841.avi,15,c12_sim,Unknown #3,22,433,82,227
clip_c12_20260617_152841.avi,16,c12_sim,Unknown #3,8,440,100,213
clip_c12_20260617_152841.avi,17,c12_sim,Unknown #3,16,442,94,211
clip_c12_20260617_152841.avi,18,c12_sim,Unknown #3,19,441,91,210
clip_c12_20260617_152841.avi,19,c12_sim,Unknown #3,15,441,95,210
clip_c12_20260617_152841.avi,20,c12_sim,Unknown #3,15,448,100,200
clip_c12_20260617_152841.avi,21,c12_sim,Unknown #3,21,449,95,200
clip_c10_20260617_152807.avi,6,c10_sim,Unknown #3,1137,106,88,275
clip_c10_20260617_152807.avi,7,c10_sim,Unknown #3,1129,106,98,279
clip_c10_20260617_152807.avi,8,c10_sim,Unknown #3,1111,104,115,286
clip_c10_20260617_152807.avi,9,c10_sim,Unknown #3,1087,104,111,295
clip_c10_20260617_152807.avi,10,c10_sim,Unknown #3,1084,106,109,294
clip_c10_20260617_152807.avi,11,c10_sim,Unknown #3,1037,118,86,297
clip_c10_20260617_152807.avi,12,c10_sim,Unknown #3,977,129,129,285
clip_c10_20260617_152807.avi,13,c10_sim,Unknown #3,958,134,148,291
clip_c10_20260617_152807.avi,14,c10_sim,Unknown #3,954,134,152,297
clip_c10_20260617_152807.avi,15,c10_sim,Unknown #3,938,134,156,294
clip_c10_20260617_152807.avi,16,c10_sim,Unknown #3,910,142,112,298
clip_c10_20260617_152807.avi,17,c10_sim,Unknown #3,897,148,100,320
clip_c10_20260617_152807.avi,18,c10_sim,Unknown #3,891,154,106,318
clip_c10_20260617_152807.avi,19,c10_sim,Unknown #3,886,155,109,320
clip_c10_20260617_152807.avi,20,c10_sim,Unknown #3,866,160,111,325
clip_c10_20260617_152807.avi,21,c10_sim,Unknown #3,858,162,111,323
clip_c10_20260617_152807.avi,22,c10_sim,Unknown #3,836,167,120,333
clip_c10_20260617_152807.avi,23,c10_sim,Unknown #3,817,187,134,335
clip_c10_20260617_152807.avi,24,c10_sim,Unknown #3,805,185,144,346
clip_c10_20260617_152807.avi,25,c10_sim,Unknown #3,761,199,154,340
clip_c10_20260617_152807.avi,26,c10_sim,Unknown #3,747,207,126,352
clip_c10_20260617_152807.avi,27,c10_sim,Unknown #3,742,208,130,362
clip_c10_20260617_152807.avi,28,c10_sim,Unknown #3,727,221,145,361
clip_c10_20260617_152807.avi,29,c10_sim,Unknown #3,702,233,131,372
clip_c10_20260617_152807.avi,30,c10_sim,Unknown #3,682,238,137,367
clip_c10_20260617_152807.avi,31,c10_sim,Unknown #3,677,239,135,365
clip_c10_20260617_152807.avi,32,c10_sim,Unknown #3,654,251,154,369
clip_c10_20260617_152807.avi,33,c10_sim,Unknown #3,627,269,180,378
clip_c10_20260617_152807.avi,34,c10_sim,Unknown #3,615,270,191,387
clip_c10_20260617_152807.avi,35,c10_sim,Unknown #3,580,282,206,379
clip_c10_20260617_152807.avi,36,c10_sim,Unknown #3,531,296,184,380
clip_c10_20260617_152807.avi,37,c10_sim,Unknown #3,512,309,186,397
clip_c10_20260617_152807.avi,38,c10_sim,Unknown #3,476,338,145,401
clip_c10_20260617_152807.avi,39,c10_sim,Unknown #3,461,347,156,397
clip_c10_20260617_152807.avi,40,c10_sim,Unknown #3,454,352,162,391
clip_c10_20260617_152807.avi,41,c10_sim,Unknown #3,431,358,187,383
clip_c10_20260617_152807.avi,42,c10_sim,Unknown #3,403,377,136,379
clip_c10_20260617_152807.avi,43,c10_sim,Unknown #3,323,411,178,391
clip_c10_20260617_152807.avi,44,c10_sim,Unknown #3,306,416,200,388
clip_c11_20260618_154736.avi,4,c11_sim,Unknown #4,96,765,284,315
clip_c11_20260618_154736.avi,5,c11_sim,Unknown #4,96,765,284,315
clip_c11_20260618_154736.avi,6,c11_sim,Unknown #4,96,765,284,315
clip_c11_20260618_154736.avi,7,c11_sim,Unknown #4,96,765,285,315
clip_c11_20260618_154736.avi,8,c11_sim,Unknown #4,96,766,284,314
clip_c11_20260618_154736.avi,9,c11_sim,Unknown #4,96,765,284,315
clip_c11_20260618_154736.avi,10,c11_sim,Unknown #4,95,765,286,315
clip_c11_20260618_154736.avi,11,c11_sim,Unknown #4,95,766,286,314
clip_c11_20260618_154736.avi,12,c11_sim,Unknown #4,95,766,286,314
clip_c11_20260618_154736.avi,13,c11_sim,Unknown #4,95,766,286,314
clip_c11_20260618_154736.avi,14,c11_sim,Unknown #4,95,765,286,315
clip_c11_20260618_154736.avi,15,c11_sim,Unknown #4,95,766,286,314
clip_c11_20260618_154736.avi,16,c11_sim,Unknown #4,96,765,284,315
clip_c11_20260618_154736.avi,17,c11_sim,Unknown #4,97,765,284,315
clip_c11_20260618_154736.avi,18,c11_sim,Unknown #4,97,765,284,315
clip_c11_20260618_154736.avi,19,c11_sim,Unknown #4,98,765,284,315
clip_c11_20260618_154736.avi,20,c11_sim,Unknown #4,97,765,285,315
clip_c11_20260618_154736.avi,21,c11_sim,Unknown #4,97,766,284,314
clip_c11_20260618_154736.avi,22,c11_sim,Unknown #4,97,765,284,315
clip_c11_20260618_154736.avi,23,c11_sim,Unknown #4,96,765,286,315
clip_c11_20260618_154736.avi,24,c11_sim,Unknown #4,96,765,286,315
clip_c11_20260618_154736.avi,25,c11_sim,Unknown #4,96,766,285,314
clip_c11_20260618_154736.avi,26,c11_sim,Unknown #4,96,766,285,314
clip_c11_20260618_154736.avi,27,c11_sim,Unknown #4,97,765,284,315
clip_c11_20260618_154736.avi,28,c11_sim,Unknown #4,97,765,284,315
clip_c11_20260618_154736.avi,29,c11_sim,Unknown #4,97,765,284,315
clip_c11_20260618_154736.avi,30,c11_sim,Unknown #4,97,766,284,314
clip_c11_20260618_154736.avi,31,c11_sim,Unknown #4,97,765,284,315
clip_c11_20260618_154736.avi,32,c11_sim,Unknown #4,95,765,286,315
clip_c11_20260618_154736.avi,33,c11_sim,Unknown #4,95,765,286,315
clip_c11_20260618_154736.avi,34,c11_sim,Unknown #4,95,765,286,315
clip_c11_20260618_154736.avi,35,c11_sim,Unknown #4,95,765,286,315
clip_c11_20260618_154736.avi,36,c11_sim,Unknown #4,95,765,286,315
clip_c11_20260618_154736.avi,37,c11_sim,Unknown #4,95,766,286,314
clip_c11_20260618_154736.avi,38,c11_sim,Unknown #4,94,765,287,315
clip_c11_20260618_154736.avi,39,c11_sim,Unknown #4,95,764,287,316
clip_c11_20260618_154736.avi,40,c11_sim,Unknown #4,96,764,285,316
clip_c11_20260618_154736.avi,41,c11_sim,Unknown #4,96,764,285,316
clip_c11_20260618_154736.avi,42,c11_sim,Unknown #4,96,764,285,316
clip_c11_20260618_154736.avi,43,c11_sim,Unknown #4,96,764,285,316
clip_c11_20260618_154736.avi,44,c11_sim,Unknown #4,96,764,285,316
clip_c11_20260618_154736.avi,45,c11_sim,Unknown #4,96,764,285,316
clip_c11_20260618_154736.avi,46,c11_sim,Unknown #4,93,766,288,314
clip_c11_20260618_154736.avi,47,c11_sim,Unknown #4,94,764,289,316
clip_c11_20260618_154736.avi,48,c11_sim,Unknown #4,91,763,293,317
clip_c11_20260618_154736.avi,49,c11_sim,Unknown #4,98,762,289,318
clip_c11_20260618_154736.avi,50,c11_sim,Unknown #4,99,760,288,320
clip_c11_20260618_154736.avi,52,c11_sim,Unknown #4,122,738,269,341
clip_c11_20260618_154736.avi,53,c11_sim,Unknown #4,126,734,270,345
clip_c11_20260618_154736.avi,54,c11_sim,Unknown #4,129,733,272,344
clip_c11_20260618_154736.avi,55,c11_sim,Unknown #4,133,734,273,344
clip_c11_20260618_154736.avi,56,c11_sim,Unknown #4,149,733,280,344
clip_c11_20260618_154736.avi,57,c11_sim,Unknown #4,154,735,273,343
clip_c11_20260618_154736.avi,58,c11_sim,Unknown #4,148,736,277,341
clip_c11_20260618_154736.avi,59,c11_sim,Unknown #4,136,737,287,342
clip_c11_20260618_154736.avi,61,c11_sim,Unknown #4,129,744,284,334
clip_c11_20260618_154736.avi,62,c11_sim,Unknown #4,135,744,283,335
clip_c11_20260618_154736.avi,66,c11_sim,Unknown #4,194,722,249,356
clip_c11_20260618_154736.avi,67,c11_sim,Unknown #4,235,702,224,376
clip_c11_20260618_154736.avi,68,c11_sim,Unknown #4,246,692,227,384
clip_c11_20260618_154736.avi,69,c11_sim,Unknown #4,253,683,226,391
clip_c11_20260618_154736.avi,70,c11_sim,Unknown #4,259,674,222,402
clip_c11_20260618_154736.avi,71,c11_sim,Unknown #4,261,665,224,410
clip_c11_20260618_154736.avi,72,c11_sim,Unknown #4,268,652,221,419
clip_c11_20260618_154736.avi,75,c11_sim,Unknown #4,285,592,220,468
clip_c11_20260618_154736.avi,78,c11_sim,Unknown #4,334,558,260,512
clip_c11_20260618_154736.avi,79,c11_sim,Unknown #4,382,534,212,517
clip_c11_20260618_154736.avi,80,c11_sim,Unknown #4,398,524,193,472
clip_c11_20260618_154736.avi,81,c11_sim,Unknown #4,414,515,178,475
clip_c11_20260618_154736.avi,82,c11_sim,Unknown #4,425,507,170,483
clip_c11_20260618_154736.avi,83,c11_sim,Unknown #4,432,498,166,491
clip_c11_20260618_154736.avi,84,c11_sim,Unknown #4,433,496,170,492
clip_c11_20260618_154736.avi,85,c11_sim,Unknown #4,457,451,168,449
clip_c11_20260618_154736.avi,86,c11_sim,Unknown #4,460,446,189,436
clip_c11_20260618_154736.avi,87,c11_sim,Unknown #4,477,440,178,439
clip_c11_20260618_154736.avi,88,c11_sim,Unknown #4,492,431,174,445
clip_c11_20260618_154736.avi,89,c11_sim,Unknown #4,510,429,147,446
clip_c11_20260618_154736.avi,90,c11_sim,Unknown #4,515,426,143,445
clip_c11_20260618_154736.avi,91,c11_sim,Unknown #4,558,400,123,400
clip_c11_20260618_154736.avi,92,c11_sim,Unknown #4,574,394,115,406
clip_c10_20260617_152807.avi,14,c10_sim,Unknown #2,1088,201,119,307
clip_c10_20260617_152807.avi,15,c10_sim,Unknown #2,1080,210,121,329
clip_c10_20260617_152807.avi,16,c10_sim,Unknown #2,1068,226,123,324
clip_c10_20260617_152807.avi,17,c10_sim,Unknown #2,1063,233,122,331
clip_c10_20260617_152807.avi,18,c10_sim,Unknown #2,1060,237,116,330
clip_c10_20260617_152807.avi,19,c10_sim,Unknown #2,1058,238,115,326
clip_c10_20260617_152807.avi,20,c10_sim,Unknown #2,1033,242,131,337
clip_c10_20260617_152807.avi,21,c10_sim,Unknown #2,1025,248,133,342
clip_c10_20260617_152807.avi,22,c10_sim,Unknown #2,988,256,145,348
clip_c10_20260617_152807.avi,23,c10_sim,Unknown #2,967,266,140,358
clip_c10_20260617_152807.avi,24,c10_sim,Unknown #2,959,271,143,372
clip_c10_20260617_152807.avi,25,c10_sim,Unknown #2,942,286,136,389
clip_c10_20260617_152807.avi,26,c10_sim,Unknown #2,934,296,125,377
clip_c10_20260617_152807.avi,27,c10_sim,Unknown #2,929,297,124,379
clip_c10_20260617_152807.avi,28,c10_sim,Unknown #2,910,304,126,380
clip_c10_20260617_152807.avi,29,c10_sim,Unknown #2,877,322,155,403
clip_c10_20260617_152807.avi,30,c10_sim,Unknown #2,849,332,167,395
clip_c10_20260617_152807.avi,31,c10_sim,Unknown #2,843,335,166,392
clip_c10_20260617_152807.avi,32,c10_sim,Unknown #2,810,347,149,405
clip_c10_20260617_152807.avi,33,c10_sim,Unknown #2,785,366,170,424
clip_c10_20260617_152807.avi,34,c10_sim,Unknown #2,779,370,174,424
clip_c10_20260617_152807.avi,35,c10_sim,Unknown #2,749,386,200,416
clip_c10_20260617_152807.avi,36,c10_sim,Unknown #2,701,406,190,399
clip_c10_20260617_152807.avi,37,c10_sim,Unknown #2,679,416,211,399
clip_c10_20260617_152807.avi,38,c10_sim,Unknown #2,607,439,254,398
clip_c10_20260617_152807.avi,39,c10_sim,Unknown #2,579,447,235,390
clip_c10_20260617_152807.avi,40,c10_sim,Unknown #2,577,449,221,395
clip_c10_20260617_152807.avi,41,c10_sim,Unknown #2,555,464,207,441
clip_c10_20260617_152807.avi,42,c10_sim,Unknown #2,528,498,231,433
clip_c10_20260617_152807.avi,43,c10_sim,Unknown #2,462,535,221,398
clip_c10_20260617_152807.avi,44,c10_sim,Unknown #2,452,543,232,392
clip_c10_20260617_152807.avi,45,c10_sim,Unknown #2,440,551,243,411
clip_c10_20260617_152807.avi,48,c10_sim,Unknown #2,372,586,299,407
clip_c10_20260617_152807.avi,50,c10_sim,Unknown #2,289,652,296,423
clip_c10_20260617_152807.avi,51,c10_sim,Unknown #2,153,539,404,538
clip_c10_20260617_152807.avi,52,c10_sim,Unknown #2,124,563,403,514
clip_c10_20260617_152807.avi,53,c10_sim,Unknown #2,114,570,414,507
clip_c10_20260617_152807.avi,54,c10_sim,Unknown #2,173,779,354,297
clip_c10_20260617_152807.avi,56,c10_sim,Unknown #2,82,843,267,237
clip_c10_20260618_154820.avi,5,c10_sim,Unknown #4,282,584,281,454
clip_c10_20260618_154820.avi,6,c10_sim,Unknown #4,301,563,274,417
clip_c10_20260618_154820.avi,7,c10_sim,Unknown #4,317,550,295,427
clip_c10_20260618_154820.avi,8,c10_sim,Unknown #4,333,539,328,436
clip_c10_20260618_154820.avi,9,c10_sim,Unknown #4,341,535,323,440
clip_c10_20260618_154820.avi,10,c10_sim,Unknown #4,428,483,263,439
clip_c10_20260618_154820.avi,11,c10_sim,Unknown #4,451,462,238,412
clip_c10_20260618_154820.avi,13,c10_sim,Unknown #4,493,432,209,439
clip_c10_20260618_154820.avi,14,c10_sim,Unknown #4,507,421,211,449
clip_c10_20260618_154820.avi,15,c10_sim,Unknown #4,527,409,224,452
clip_c10_20260618_154820.avi,17,c10_sim,Unknown #4,591,350,191,402
clip_c10_20260618_154820.avi,18,c10_sim,Unknown #4,618,337,229,417
clip_c10_20260618_154820.avi,19,c10_sim,Unknown #4,653,327,215,423
clip_c10_20260618_154820.avi,20,c10_sim,Unknown #4,680,315,189,408
clip_c10_20260618_154820.avi,21,c10_sim,Unknown #4,699,299,169,387
clip_c10_20260618_154820.avi,22,c10_sim,Unknown #4,710,294,160,374
clip_c10_20260618_154820.avi,23,c10_sim,Unknown #4,717,291,162,378
clip_c10_20260618_154820.avi,24,c10_sim,Unknown #4,789,258,163,398
clip_c10_20260618_154820.avi,25,c10_sim,Unknown #4,818,240,139,388
clip_c10_20260618_154820.avi,26,c10_sim,Unknown #4,860,223,164,366
clip_c10_20260618_154820.avi,27,c10_sim,Unknown #4,875,222,182,369
clip_c10_20260618_154820.avi,28,c10_sim,Unknown #4,882,219,179,369
clip_c10_20260618_154820.avi,33,c10_sim,Unknown #5,1186,153,43,298
clip_c11_20260618_154736.avi,96,c11_sim,Unknown #6,739,299,115,318
clip_c11_20260618_154736.avi,97,c11_sim,Unknown #6,740,298,120,317
clip_c11_20260618_154736.avi,98,c11_sim,Unknown #6,773,284,134,297
clip_c11_20260618_154736.avi,99,c11_sim,Unknown #6,785,281,126,300
clip_c11_20260618_154736.avi,100,c11_sim,Unknown #6,785,280,129,300
clip_c11_20260618_154736.avi,101,c11_sim,Unknown #6,794,274,121,293
clip_c11_20260618_154736.avi,102,c11_sim,Unknown #6,797,271,119,275
clip_c11_20260618_154736.avi,103,c11_sim,Unknown #6,796,268,121,275
clip_c11_20260618_154736.avi,104,c11_sim,Unknown #6,825,266,106,262
clip_c11_20260618_154736.avi,105,c11_sim,Unknown #6,828,259,115,265
clip_c11_20260618_154736.avi,106,c11_sim,Unknown #6,829,255,105,258
clip_c11_20260618_154736.avi,107,c11_sim,Unknown #6,831,254,96,259
clip_c11_20260618_154736.avi,108,c11_sim,Unknown #6,831,256,90,255
clip_c11_20260618_154736.avi,109,c11_sim,Unknown #6,828,255,90,256
clip_c11_20260618_154736.avi,110,c11_sim,Unknown #6,818,247,85,242
clip_c11_20260618_154736.avi,111,c11_sim,Unknown #6,815,237,79,248
clip_c11_20260618_154736.avi,112,c11_sim,Unknown #6,812,239,80,246
clip_c11_20260618_154736.avi,113,c11_sim,Unknown #6,810,238,90,242
clip_c11_20260618_154736.avi,114,c11_sim,Unknown #6,807,235,88,240
clip_c11_20260618_154736.avi,115,c11_sim,Unknown #6,807,236,88,236
clip_c11_20260618_154736.avi,116,c11_sim,Unknown #6,808,235,87,237
clip_c11_20260618_154736.avi,117,c11_sim,Unknown #6,779,230,83,221
clip_c11_20260618_154736.avi,118,c11_sim,Unknown #6,777,230,73,219
clip_c11_20260618_154736.avi,122,c11_sim,Unknown #6,774,230,57,207
clip_c11_20260618_155113.avi,33,c11_sim,Unknown #7,881,257,75,207
clip_c11_20260618_155113.avi,35,c11_sim,Unknown #7,889,259,73,217
clip_c11_20260618_155113.avi,36,c11_sim,Unknown #7,889,262,76,224
clip_c11_20260618_155113.avi,37,c11_sim,Unknown #7,889,264,73,226
clip_c11_20260618_155113.avi,38,c11_sim,Unknown #7,887,262,74,227
clip_c11_20260618_155113.avi,39,c11_sim,Unknown #7,887,261,74,229
clip_c11_20260618_155113.avi,40,c11_sim,Unknown #7,886,265,77,224
clip_c11_20260618_155113.avi,41,c11_sim,Unknown #7,892,273,77,236
clip_c11_20260618_155113.avi,42,c11_sim,Unknown #7,898,274,74,243
clip_c11_20260618_155113.avi,43,c11_sim,Unknown #7,903,280,87,235
clip_c11_20260618_155113.avi,44,c11_sim,Unknown #7,902,281,88,239
clip_c11_20260618_155113.avi,45,c11_sim,Unknown #7,901,280,89,257
clip_c11_20260618_155113.avi,46,c11_sim,Unknown #7,902,282,85,262
clip_c11_20260618_155113.avi,47,c11_sim,Unknown #7,903,282,85,264
clip_c11_20260618_155113.avi,48,c11_sim,Unknown #7,913,301,88,268
clip_c11_20260618_155113.avi,49,c11_sim,Unknown #7,918,307,91,275
clip_c11_20260618_155113.avi,50,c11_sim,Unknown #7,937,309,85,270
clip_c11_20260618_155113.avi,51,c11_sim,Unknown #7,943,311,99,269
clip_c11_20260618_155113.avi,52,c11_sim,Unknown #7,948,316,98,275
clip_c11_20260618_155113.avi,53,c11_sim,Unknown #7,949,316,103,286
clip_c11_20260618_155113.avi,54,c11_sim,Unknown #7,949,318,108,293
clip_c11_20260618_155113.avi,55,c11_sim,Unknown #7,951,328,112,297
clip_c11_20260618_155113.avi,56,c11_sim,Unknown #7,971,333,96,288
clip_c11_20260618_155113.avi,57,c11_sim,Unknown #7,975,341,102,292
clip_c11_20260618_155113.avi,58,c11_sim,Unknown #7,1007,352,117,313
clip_c11_20260618_155113.avi,59,c11_sim,Unknown #7,1027,352,115,311
clip_c11_20260618_155113.avi,60,c11_sim,Unknown #7,1042,355,110,318
clip_c11_20260618_155113.avi,61,c11_sim,Unknown #7,1059,369,136,339
clip_c11_20260618_155113.avi,62,c11_sim,Unknown #7,1076,377,153,347
clip_c11_20260618_155113.avi,63,c11_sim,Unknown #7,1106,389,114,329
clip_c11_20260618_155113.avi,64,c11_sim,Unknown #7,1113,401,151,335
clip_c11_20260618_155113.avi,65,c11_sim,Unknown #7,1116,405,189,341
clip_c11_20260618_155113.avi,66,c11_sim,Unknown #7,1132,410,186,338
clip_c11_20260618_155113.avi,67,c11_sim,Unknown #7,1145,410,177,337
clip_c11_20260618_155113.avi,68,c11_sim,Unknown #7,1175,412,135,333
clip_c11_20260618_155113.avi,70,c11_sim,Unknown #7,1218,432,173,357
clip_c11_20260618_155113.avi,71,c11_sim,Unknown #7,1264,441,163,351
clip_c11_20260618_155113.avi,72,c11_sim,Unknown #7,1296,448,159,347
clip_c11_20260618_155113.avi,73,c11_sim,Unknown #7,1299,452,155,342
clip_c11_20260618_155113.avi,75,c11_sim,Unknown #7,1300,456,169,340
clip_c11_20260618_155113.avi,76,c11_sim,Unknown #7,1385,454,149,345
clip_c11_20260618_155113.avi,77,c11_sim,Unknown #7,1385,443,159,344
clip_c9_20260617_150354.avi,0,c9_sim,Unknown #1,1194,260,138,345
clip_c9_20260617_150354.avi,1,c9_sim,Unknown #1,1194,252,131,353
clip_c9_20260617_150354.avi,2,c9_sim,Unknown #1,1178,245,129,360
clip_c9_20260617_150354.avi,3,c9_sim,Unknown #1,1152,240,138,365
clip_c9_20260617_150354.avi,4,c9_sim,Unknown #1,1096,234,160,368
clip_c9_20260617_150354.avi,9,c9_sim,Unknown #1,973,225,161,328
clip_c9_20260617_150354.avi,10,c9_sim,Unknown #1,955,216,135,328
clip_c9_20260617_150354.avi,11,c9_sim,Unknown #1,942,211,103,337
clip_c9_20260617_150354.avi,12,c9_sim,Unknown #1,922,213,109,334
clip_c9_20260617_150354.avi,13,c9_sim,Unknown #1,914,211,117,337
clip_c9_20260617_150354.avi,14,c9_sim,Unknown #1,910,212,120,337
clip_c9_20260617_150354.avi,15,c9_sim,Unknown #1,880,203,105,323
clip_c9_20260617_150354.avi,16,c9_sim,Unknown #1,860,201,103,320
clip_c9_20260617_150354.avi,17,c9_sim,Unknown #1,838,200,109,320
clip_c9_20260617_150354.avi,18,c9_sim,Unknown #1,809,202,135,310
clip_c9_20260617_150354.avi,19,c9_sim,Unknown #1,805,203,138,305
clip_c9_20260617_150354.avi,20,c9_sim,Unknown #1,795,200,132,301
clip_c9_20260617_150354.avi,21,c9_sim,Unknown #1,773,197,113,299
clip_c9_20260617_150354.avi,22,c9_sim,Unknown #1,756,192,110,304
clip_c9_20260617_150354.avi,23,c9_sim,Unknown #1,753,190,107,306
clip_c9_20260617_150354.avi,24,c9_sim,Unknown #1,747,190,109,305
clip_c9_20260617_150354.avi,25,c9_sim,Unknown #1,726,194,126,304
clip_c9_20260617_150354.avi,26,c9_sim,Unknown #1,722,192,127,301
clip_c9_20260617_150354.avi,27,c9_sim,Unknown #1,707,190,98,290
clip_c9_20260617_150354.avi,28,c9_sim,Unknown #1,697,189,89,279
clip_c9_20260617_150354.avi,29,c9_sim,Unknown #1,688,188,97,281
clip_c9_20260617_150354.avi,30,c9_sim,Unknown #1,681,212,101,255
clip_c9_20260617_150354.avi,31,c9_sim,Unknown #1,662,185,117,275
clip_c9_20260617_150354.avi,32,c9_sim,Unknown #1,648,179,109,266
clip_c9_20260617_150354.avi,33,c9_sim,Unknown #1,647,180,100,258
clip_c9_20260617_150354.avi,34,c9_sim,Unknown #1,647,179,96,259
clip_c9_20260617_150354.avi,35,c9_sim,Unknown #1,638,178,100,262
clip_c9_20260617_150354.avi,36,c9_sim,Unknown #1,633,173,90,258
clip_c9_20260617_150354.avi,37,c9_sim,Unknown #1,632,168,85,257
clip_c9_20260617_150354.avi,38,c9_sim,Unknown #1,629,165,84,244
clip_c9_20260617_150354.avi,39,c9_sim,Unknown #1,627,168,84,239
clip_c9_20260617_150354.avi,40,c9_sim,Unknown #1,626,165,83,239
clip_c9_20260617_150354.avi,41,c9_sim,Unknown #1,625,164,81,240
clip_c9_20260617_150354.avi,42,c9_sim,Unknown #1,624,160,78,238
clip_c9_20260617_150354.avi,43,c9_sim,Unknown #1,624,160,75,232
clip_c9_20260617_150354.avi,44,c9_sim,Unknown #1,623,160,72,226
clip_c9_20260617_150354.avi,45,c9_sim,Unknown #1,623,156,69,229
clip_c9_20260617_150354.avi,46,c9_sim,Unknown #1,624,152,68,217
clip_c9_20260617_150354.avi,47,c9_sim,Unknown #1,625,149,72,217
clip_c9_20260617_150354.avi,48,c9_sim,Unknown #1,624,142,70,215
clip_c9_20260617_150354.avi,49,c9_sim,Unknown #1,623,143,69,214
clip_c9_20260617_150354.avi,50,c9_sim,Unknown #1,623,144,65,217
clip_c9_20260617_150354.avi,51,c9_sim,Unknown #1,623,143,65,220
clip_c9_20260617_150354.avi,52,c9_sim,Unknown #1,622,143,66,218
clip_c9_20260617_150354.avi,53,c9_sim,Unknown #1,623,142,63,219
clip_c9_20260617_150354.avi,54,c9_sim,Unknown #1,622,133,67,214
clip_c9_20260617_150354.avi,55,c9_sim,Unknown #1,623,131,69,209
clip_c9_20260617_150354.avi,56,c9_sim,Unknown #1,624,130,72,208
clip_c9_20260617_150354.avi,57,c9_sim,Unknown #1,625,130,76,205
clip_c9_20260617_150354.avi,58,c9_sim,Unknown #1,626,130,74,206
clip_c9_20260617_150354.avi,59,c9_sim,Unknown #1,624,132,100,201
clip_c9_20260617_150354.avi,60,c9_sim,Unknown #1,626,131,95,202
clip_c9_20260617_150354.avi,61,c9_sim,Unknown #1,630,132,95,200
clip_c9_20260617_150354.avi,62,c9_sim,Unknown #1,631,131,94,201
clip_c9_20260617_150354.avi,63,c9_sim,Unknown #1,636,130,85,201
clip_c9_20260617_150354.avi,64,c9_sim,Unknown #1,636,129,86,201
clip_c9_20260617_150354.avi,65,c9_sim,Unknown #1,636,127,90,202
clip_c9_20260617_150354.avi,66,c9_sim,Unknown #1,637,127,88,202
clip_c9_20260617_150354.avi,67,c9_sim,Unknown #1,636,127,90,202
clip_c9_20260617_150354.avi,68,c9_sim,Unknown #1,635,128,89,201
clip_c9_20260617_150354.avi,69,c9_sim,Unknown #1,633,128,90,201
clip_c9_20260617_150354.avi,70,c9_sim,Unknown #1,635,128,89,201
clip_c9_20260617_150354.avi,71,c9_sim,Unknown #1,637,129,84,200
clip_c9_20260617_150354.avi,72,c9_sim,Unknown #1,637,130,85,199
clip_c9_20260617_150354.avi,73,c9_sim,Unknown #1,638,130,81,199
clip_c9_20260617_150354.avi,74,c9_sim,Unknown #1,640,131,83,198
clip_c9_20260617_150354.avi,75,c9_sim,Unknown #1,640,132,81,197
clip_c9_20260617_150354.avi,76,c9_sim,Unknown #1,642,132,79,196
clip_c9_20260617_150354.avi,77,c9_sim,Unknown #1,643,132,80,197
clip_c9_20260617_150354.avi,78,c9_sim,Unknown #1,643,132,80,197
clip_c9_20260617_150354.avi,79,c9_sim,Unknown #1,643,131,80,198
clip_c9_20260617_150354.avi,80,c9_sim,Unknown #1,642,132,80,197
clip_c9_20260617_150354.avi,81,c9_sim,Unknown #1,643,132,79,197
clip_c9_20260617_150354.avi,82,c9_sim,Unknown #1,642,131,81,197
clip_c9_20260617_150354.avi,83,c9_sim,Unknown #1,643,131,81,197
clip_c9_20260617_150354.avi,84,c9_sim,Unknown #1,643,131,81,198
clip_c9_20260617_150354.avi,85,c9_sim,Unknown #1,645,129,80,200
clip_c9_20260617_150354.avi,86,c9_sim,Unknown #1,645,129,81,200
clip_c9_20260617_150354.avi,87,c9_sim,Unknown #1,645,129,81,201
clip_c9_20260617_150354.avi,88,c9_sim,Unknown #1,645,130,79,199
clip_c9_20260617_150354.avi,89,c9_sim,Unknown #1,644,130,82,199
clip_c9_20260617_150354.avi,90,c9_sim,Unknown #1,644,130,82,199
clip_c9_20260617_150354.avi,91,c9_sim,Unknown #1,644,128,82,201
clip_c9_20260617_150354.avi,92,c9_sim,Unknown #1,645,128,81,201
clip_c9_20260617_150354.avi,93,c9_sim,Unknown #1,646,128,80,201
clip_c9_20260617_150354.avi,94,c9_sim,Unknown #1,647,128,79,201
clip_c9_20260617_150354.avi,95,c9_sim,Unknown #1,647,128,79,201
clip_c9_20260617_150354.avi,96,c9_sim,Unknown #1,650,127,77,201
clip_c9_20260617_150354.avi,97,c9_sim,Unknown #1,650,128,77,200
clip_c9_20260617_150354.avi,98,c9_sim,Unknown #1,650,127,76,201
clip_c9_20260617_150354.avi,99,c9_sim,Unknown #1,651,127,76,200
clip_c9_20260617_150354.avi,100,c9_sim,Unknown #1,650,128,77,199
clip_c9_20260617_150354.avi,101,c9_sim,Unknown #1,650,128,77,199
clip_c9_20260617_150354.avi,102,c9_sim,Unknown #1,649,129,76,198
clip_c9_20260617_150354.avi,103,c9_sim,Unknown #1,648,129,77,199
clip_c9_20260617_150354.avi,104,c9_sim,Unknown #1,645,129,78,200
clip_c9_20260617_150354.avi,105,c9_sim,Unknown #1,645,129,78,200
clip_c9_20260617_150354.avi,106,c9_sim,Unknown #1,646,129,80,200
clip_c9_20260617_150354.avi,107,c9_sim,Unknown #1,645,129,80,200
clip_c9_20260617_150354.avi,108,c9_sim,Unknown #1,644,129,81,200
clip_c9_20260617_150354.avi,109,c9_sim,Unknown #1,644,129,80,199
clip_c9_20260617_150354.avi,110,c9_sim,Unknown #1,642,129,81,200
clip_c9_20260617_150354.avi,111,c9_sim,Unknown #1,641,129,79,200
clip_c9_20260617_150354.avi,112,c9_sim,Unknown #1,641,129,80,199
clip_c9_20260617_150354.avi,113,c9_sim,Unknown #1,641,130,78,198
clip_c9_20260617_150354.avi,117,c9_sim,Unknown #1,640,130,75,198
clip_c9_20260617_150354.avi,118,c9_sim,Unknown #1,640,130,75,198
clip_c9_20260617_150354.avi,119,c9_sim,Unknown #1,641,130,74,198
clip_c9_20260617_150354.avi,120,c9_sim,Unknown #1,640,130,75,198
clip_c9_20260617_150354.avi,121,c9_sim,Unknown #1,641,130,78,199
clip_c9_20260617_150354.avi,122,c9_sim,Unknown #1,641,129,81,200
clip_c9_20260617_150354.avi,123,c9_sim,Unknown #1,642,129,79,199
clip_c9_20260617_150354.avi,124,c9_sim,Unknown #1,642,129,80,199
clip_c9_20260617_150354.avi,125,c9_sim,Unknown #1,642,129,79,199
clip_c9_20260617_150354.avi,126,c9_sim,Unknown #1,641,129,79,199
clip_c9_20260617_150354.avi,127,c9_sim,Unknown #1,641,129,81,199
clip_c9_20260617_150354.avi,128,c9_sim,Unknown #1,641,129,80,199
clip_c9_20260617_150354.avi,129,c9_sim,Unknown #1,641,129,81,199
clip_c9_20260617_150354.avi,130,c9_sim,Unknown #1,641,129,81,199
clip_c9_20260617_150354.avi,131,c9_sim,Unknown #1,645,130,75,198
clip_c9_20260617_150354.avi,132,c9_sim,Unknown #1,644,129,75,199
clip_c9_20260617_150354.avi,133,c9_sim,Unknown #1,644,130,73,198
clip_c9_20260617_150354.avi,134,c9_sim,Unknown #1,644,130,73,198
clip_c9_20260617_150354.avi,135,c9_sim,Unknown #1,644,130,73,198
clip_c9_20260617_150354.avi,136,c9_sim,Unknown #1,644,130,74,199
clip_c9_20260617_150354.avi,137,c9_sim,Unknown #1,644,130,75,199
clip_c9_20260617_150354.avi,138,c9_sim,Unknown #1,644,130,75,199
clip_c9_20260617_150354.avi,139,c9_sim,Unknown #1,645,130,81,199
clip_c9_20260617_150354.avi,140,c9_sim,Unknown #1,644,129,82,199
clip_c9_20260617_150354.avi,141,c9_sim,Unknown #1,644,129,82,200
clip_c9_20260617_150354.avi,142,c9_sim,Unknown #1,644,130,81,198
clip_c9_20260617_150354.avi,143,c9_sim,Unknown #1,644,130,80,198
clip_c9_20260617_150354.avi,144,c9_sim,Unknown #1,645,129,79,200
clip_c9_20260617_150354.avi,145,c9_sim,Unknown #1,645,129,79,199
clip_c9_20260617_150354.avi,146,c9_sim,Unknown #1,645,129,80,199
clip_c9_20260617_150354.avi,147,c9_sim,Unknown #1,644,129,81,200
clip_c9_20260617_150354.avi,148,c9_sim,Unknown #1,646,129,78,200
clip_c9_20260617_150354.avi,149,c9_sim,Unknown #1,647,128,77,201
clip_c9_20260617_150354.avi,150,c9_sim,Unknown #1,647,128,77,201
clip_c9_20260617_150354.avi,151,c9_sim,Unknown #1,647,128,76,201
clip_c9_20260617_150354.avi,152,c9_sim,Unknown #1,647,128,78,201
clip_c9_20260617_150354.avi,153,c9_sim,Unknown #1,647,128,76,201
clip_c9_20260617_150354.avi,154,c9_sim,Unknown #1,648,128,76,202
clip_c9_20260617_150354.avi,155,c9_sim,Unknown #1,648,127,77,203
clip_c9_20260617_150354.avi,156,c9_sim,Unknown #1,647,127,78,203
clip_c9_20260617_150354.avi,157,c9_sim,Unknown #1,648,127,77,203
clip_c9_20260617_150354.avi,158,c9_sim,Unknown #1,648,127,77,202
clip_c9_20260617_150354.avi,159,c9_sim,Unknown #1,646,127,79,202
clip_c9_20260617_150354.avi,160,c9_sim,Unknown #1,645,128,79,201
clip_c9_20260617_150354.avi,161,c9_sim,Unknown #1,645,128,77,201
clip_c9_20260617_150354.avi,162,c9_sim,Unknown #1,645,128,79,201
clip_c9_20260617_150354.avi,163,c9_sim,Unknown #1,645,128,78,201
clip_c9_20260617_150354.avi,164,c9_sim,Unknown #1,645,129,79,201
clip_c9_20260617_150354.avi,165,c9_sim,Unknown #1,644,128,81,201
clip_c9_20260617_150354.avi,166,c9_sim,Unknown #1,644,128,81,201
clip_c9_20260617_150354.avi,167,c9_sim,Unknown #1,643,129,80,200
clip_c9_20260617_150354.avi,168,c9_sim,Unknown #1,641,129,82,200
clip_c9_20260617_150354.avi,169,c9_sim,Unknown #1,641,130,83,199
clip_c9_20260617_150354.avi,170,c9_sim,Unknown #1,641,130,82,199
clip_c9_20260617_150354.avi,171,c9_sim,Unknown #1,641,130,80,199
clip_c9_20260617_150354.avi,172,c9_sim,Unknown #1,641,130,82,199
clip_c9_20260617_150354.avi,173,c9_sim,Unknown #1,641,130,82,199
clip_c9_20260617_150354.avi,174,c9_sim,Unknown #1,642,130,81,199
clip_c9_20260617_150354.avi,175,c9_sim,Unknown #1,642,131,80,198
clip_c9_20260617_150354.avi,176,c9_sim,Unknown #1,642,131,80,198
clip_c9_20260617_150354.avi,177,c9_sim,Unknown #1,642,130,81,199
clip_c9_20260617_150354.avi,178,c9_sim,Unknown #1,641,131,81,198
clip_c9_20260617_150354.avi,179,c9_sim,Unknown #1,641,130,83,200
clip_c9_20260617_150354.avi,180,c9_sim,Unknown #1,641,130,84,200
clip_c9_20260617_150354.avi,181,c9_sim,Unknown #1,642,130,81,200
clip_c9_20260617_150354.avi,182,c9_sim,Unknown #1,645,130,78,200
clip_c9_20260617_150354.avi,183,c9_sim,Unknown #1,646,130,77,200
clip_c9_20260617_150354.avi,184,c9_sim,Unknown #1,646,130,77,200
clip_c9_20260617_150354.avi,185,c9_sim,Unknown #1,646,130,78,200
clip_c9_20260617_150354.avi,186,c9_sim,Unknown #1,645,130,78,200
clip_c9_20260617_150354.avi,187,c9_sim,Unknown #1,645,130,78,200
clip_c9_20260617_150354.avi,188,c9_sim,Unknown #1,647,130,74,200
clip_c9_20260617_150354.avi,189,c9_sim,Unknown #1,650,128,74,201
clip_c9_20260617_150354.avi,190,c9_sim,Unknown #1,650,128,74,202
clip_c9_20260617_150354.avi,191,c9_sim,Unknown #1,651,127,74,202
clip_c9_20260617_150354.avi,192,c9_sim,Unknown #1,651,127,74,202
clip_c9_20260617_150354.avi,193,c9_sim,Unknown #1,650,127,74,202
clip_c9_20260617_150354.avi,194,c9_sim,Unknown #1,650,126,75,203
clip_c9_20260617_150354.avi,195,c9_sim,Unknown #1,650,126,75,203
clip_c9_20260617_150354.avi,196,c9_sim,Unknown #1,650,126,75,203
clip_c9_20260617_150354.avi,197,c9_sim,Unknown #1,649,126,75,203
clip_c9_20260617_150354.avi,198,c9_sim,Unknown #1,649,127,75,204
clip_c9_20260617_150354.avi,199,c9_sim,Unknown #1,646,127,78,204
clip_c9_20260617_150354.avi,200,c9_sim,Unknown #1,645,128,78,202
clip_c9_20260617_150354.avi,201,c9_sim,Unknown #1,643,129,86,203
clip_c9_20260617_150354.avi,202,c9_sim,Unknown #1,632,130,71,202
clip_c9_20260617_150354.avi,203,c9_sim,Unknown #1,629,130,64,204
clip_c9_20260617_150354.avi,204,c9_sim,Unknown #1,626,132,68,204
clip_c9_20260617_150354.avi,205,c9_sim,Unknown #1,626,132,68,202
clip_c9_20260617_150354.avi,206,c9_sim,Unknown #1,625,132,68,201
clip_c9_20260617_150354.avi,207,c9_sim,Unknown #1,624,133,74,204
clip_c9_20260617_150354.avi,208,c9_sim,Unknown #1,623,133,66,208
clip_c9_20260617_150354.avi,209,c9_sim,Unknown #1,623,133,62,212
clip_c9_20260617_150354.avi,210,c9_sim,Unknown #1,623,134,62,215
clip_c9_20260617_150354.avi,211,c9_sim,Unknown #1,624,137,60,213
clip_c9_20260617_150354.avi,212,c9_sim,Unknown #1,628,139,53,212
clip_c9_20260617_150354.avi,213,c9_sim,Unknown #1,628,143,57,215
clip_c9_20260617_150354.avi,214,c9_sim,Unknown #1,628,145,69,207
clip_c9_20260617_150354.avi,215,c9_sim,Unknown #1,627,143,76,208
clip_c9_20260617_150354.avi,216,c9_sim,Unknown #1,629,144,102,209
clip_c9_20260617_150354.avi,217,c9_sim,Unknown #1,631,145,104,212
clip_c9_20260617_150354.avi,218,c9_sim,Unknown #1,635,146,99,212
clip_c9_20260617_150354.avi,219,c9_sim,Unknown #1,648,143,93,218
clip_c9_20260617_150354.avi,220,c9_sim,Unknown #1,653,147,92,231
clip_c9_20260617_150354.avi,221,c9_sim,Unknown #1,657,152,97,223
clip_c9_20260617_150354.avi,222,c9_sim,Unknown #1,671,148,91,233
clip_c9_20260617_150354.avi,223,c9_sim,Unknown #1,679,148,95,242
clip_c9_20260617_150354.avi,224,c9_sim,Unknown #1,686,153,98,241
clip_c9_20260617_150354.avi,225,c9_sim,Unknown #1,687,153,105,246
clip_c9_20260617_150354.avi,226,c9_sim,Unknown #1,711,162,101,255
clip_c9_20260617_150354.avi,227,c9_sim,Unknown #1,721,162,95,254
clip_c9_20260617_150354.avi,228,c9_sim,Unknown #1,724,160,99,264
clip_c9_20260617_150354.avi,229,c9_sim,Unknown #1,729,167,107,279
clip_c9_20260617_150354.avi,230,c9_sim,Unknown #1,737,172,113,282
clip_c9_20260617_150354.avi,231,c9_sim,Unknown #1,744,175,118,277
clip_c9_20260617_150354.avi,232,c9_sim,Unknown #1,755,172,120,280
clip_c9_20260617_150354.avi,233,c9_sim,Unknown #1,769,168,118,285
clip_c9_20260617_150354.avi,234,c9_sim,Unknown #1,777,173,116,279
clip_c9_20260617_150354.avi,235,c9_sim,Unknown #1,783,174,113,278
clip_c9_20260617_150354.avi,236,c9_sim,Unknown #1,808,181,136,294
clip_c9_20260617_150354.avi,237,c9_sim,Unknown #1,828,178,118,298
clip_c9_20260617_150354.avi,238,c9_sim,Unknown #1,839,177,116,300
clip_c9_20260617_150354.avi,239,c9_sim,Unknown #1,856,184,135,326
clip_c9_20260617_150354.avi,240,c9_sim,Unknown #1,861,186,136,326
clip_c9_20260617_150354.avi,241,c9_sim,Unknown #1,867,189,144,329
clip_c9_20260617_150354.avi,242,c9_sim,Unknown #1,907,190,119,332
clip_c9_20260617_150354.avi,243,c9_sim,Unknown #1,918,192,109,330
clip_c9_20260617_150354.avi,244,c9_sim,Unknown #1,943,192,118,329
clip_c9_20260617_150354.avi,245,c9_sim,Unknown #1,951,193,121,326
clip_c9_20260617_150354.avi,246,c9_sim,Unknown #1,960,197,115,321
clip_c9_20260617_150354.avi,247,c9_sim,Unknown #1,968,204,175,326
clip_c9_20260617_150354.avi,248,c9_sim,Unknown #1,1003,205,155,329
clip_c9_20260617_150354.avi,249,c9_sim,Unknown #1,1021,206,134,329
clip_c9_20260617_150354.avi,250,c9_sim,Unknown #1,1086,213,158,358
clip_c9_20260617_150354.avi,251,c9_sim,Unknown #1,1087,218,178,354
clip_c9_20260617_150354.avi,252,c9_sim,Unknown #1,1124,222,144,352
clip_c9_20260617_150354.avi,253,c9_sim,Unknown #1,1178,222,117,355
clip_c9_20260617_150354.avi,254,c9_sim,Unknown #1,1195,223,122,350
clip_c9_20260617_150354.avi,255,c9_sim,Unknown #1,1210,230,123,346
clip_c9_20260617_150354.avi,256,c9_sim,Unknown #1,1210,242,122,331
clip_c9_20260727_145031.avi,13,c9_sim,Unknown #8,897,31,39,116
clip_c9_20260727_145031.avi,19,c9_sim,Unknown #8,902,38,42,119
clip_c9_20260727_145031.avi,20,c9_sim,Unknown #8,901,40,46,123
clip_c9_20260727_145031.avi,21,c9_sim,Unknown #8,899,42,48,130
clip_c9_20260727_145031.avi,24,c9_sim,Unknown #8,900,44,44,129
clip_c9_20260727_145031.avi,25,c9_sim,Unknown #8,902,45,46,141
clip_c9_20260727_145031.avi,27,c9_sim,Unknown #8,899,45,50,143
clip_c9_20260727_145031.avi,28,c9_sim,Unknown #8,897,47,50,148
clip_c9_20260727_145031.avi,29,c9_sim,Unknown #8,895,47,58,152
clip_c8_20260617_150429.avi,20,c8_sim,Unknown #1,1058,520,192,342
clip_c8_20260617_150429.avi,21,c8_sim,Unknown #1,1069,513,189,349
clip_c8_20260617_150429.avi,22,c8_sim,Unknown #1,1080,505,188,358
clip_c8_20260617_150429.avi,23,c8_sim,Unknown #1,1121,467,192,391
clip_c8_20260617_150429.avi,24,c8_sim,Unknown #1,1165,456,180,354
clip_c8_20260617_150429.avi,25,c8_sim,Unknown #1,1182,467,174,305
clip_c8_20260617_150429.avi,26,c8_sim,Unknown #1,1211,457,172,296
clip_c8_20260617_150429.avi,27,c8_sim,Unknown #1,1215,390,187,366
clip_c8_20260617_150429.avi,28,c8_sim,Unknown #1,1218,377,201,374
clip_c8_20260617_150429.avi,29,c8_sim,Unknown #1,1228,364,194,367
clip_c8_20260617_150429.avi,30,c8_sim,Unknown #1,1269,348,165,338
clip_c8_20260617_150429.avi,32,c8_sim,Unknown #1,1310,463,113,218
clip_c8_20260617_150429.avi,33,c8_sim,Unknown #1,1328,310,195,368
clip_c8_20260617_150429.avi,34,c8_sim,Unknown #1,1357,289,176,374
clip_c8_20260617_150429.avi,35,c8_sim,Unknown #1,1387,272,139,345
clip_c8_20260617_150429.avi,36,c8_sim,Unknown #1,1400,261,158,334
clip_c8_20260617_150429.avi,37,c8_sim,Unknown #1,1402,255,124,341
clip_c8_20260617_150429.avi,38,c8_sim,Unknown #1,1402,250,135,347
clip_c8_20260617_150429.avi,39,c8_sim,Unknown #1,1407,241,143,348
clip_c8_20260617_150429.avi,40,c8_sim,Unknown #1,1421,234,149,326
clip_c8_20260617_150429.avi,41,c8_sim,Unknown #1,1433,230,143,311
clip_c8_20260617_150429.avi,42,c8_sim,Unknown #1,1447,227,137,311
clip_c8_20260617_150429.avi,43,c8_sim,Unknown #1,1488,207,121,197
clip_c8_20260617_150429.avi,44,c8_sim,Unknown #1,1497,199,115,203
clip_c8_20260617_150429.avi,45,c8_sim,Unknown #1,1505,182,112,226
clip_c8_20260617_150429.avi,46,c8_sim,Unknown #1,1511,174,110,233
clip_c8_20260617_150429.avi,47,c8_sim,Unknown #1,1516,170,117,237
clip_c8_20260617_150429.avi,48,c8_sim,Unknown #1,1523,168,113,237
clip_c8_20260617_150429.avi,49,c8_sim,Unknown #1,1525,164,112,242
clip_c8_20260617_150429.avi,50,c8_sim,Unknown #1,1535,156,117,251
clip_c8_20260617_150429.avi,51,c8_sim,Unknown #1,1532,154,124,253
clip_c8_20260617_150429.avi,52,c8_sim,Unknown #1,1530,150,130,257
clip_c8_20260617_150429.avi,53,c8_sim,Unknown #1,1560,139,110,266
clip_c8_20260617_150429.avi,54,c8_sim,Unknown #1,1568,129,106,276
clip_c8_20260617_150429.avi,55,c8_sim,Unknown #1,1573,122,107,277
clip_c8_20260617_150429.avi,56,c8_sim,Unknown #1,1578,118,107,274
clip_c8_20260617_150429.avi,57,c8_sim,Unknown #1,1580,114,104,268
clip_c8_20260617_150429.avi,58,c8_sim,Unknown #1,1582,109,105,268
clip_c8_20260617_150429.avi,59,c8_sim,Unknown #1,1582,107,107,266
clip_c8_20260617_150429.avi,60,c8_sim,Unknown #1,1579,107,111,264
clip_c8_20260617_150429.avi,61,c8_sim,Unknown #1,1579,109,114,263
clip_c8_20260617_150429.avi,62,c8_sim,Unknown #1,1580,118,127,254
clip_c8_20260617_150429.avi,63,c8_sim,Unknown #1,1580,127,136,244
clip_c8_20260617_150429.avi,64,c8_sim,Unknown #1,1583,111,144,261
clip_c8_20260617_150429.avi,65,c8_sim,Unknown #1,1588,112,139,254
clip_c8_20260617_150429.avi,66,c8_sim,Unknown #1,1615,105,119,261
clip_c8_20260617_150429.avi,67,c8_sim,Unknown #1,1630,110,101,258
clip_c8_20260617_150429.avi,68,c8_sim,Unknown #1,1642,101,98,296
clip_c8_20260617_150429.avi,69,c8_sim,Unknown #1,1644,101,93,285
clip_c8_20260617_150429.avi,70,c8_sim,Unknown #1,1645,106,92,272
clip_c8_20260727_145055.avi,3,c8_sim,Unknown #9,1116,523,178,362
clip_c8_20260727_145055.avi,4,c8_sim,Unknown #9,1131,492,237,391
clip_c8_20260727_145055.avi,5,c8_sim,Unknown #9,1178,458,188,387
clip_c8_20260727_145055.avi,6,c8_sim,Unknown #9,1231,458,136,319
clip_c8_20260727_145055.avi,7,c8_sim,Unknown #9,1242,457,144,308
clip_c8_20260727_145055.avi,8,c8_sim,Unknown #9,1256,365,156,362
clip_c8_20260727_145055.avi,9,c8_sim,Unknown #9,1309,335,142,353
clip_c8_20260727_145055.avi,10,c8_sim,Unknown #9,1325,308,149,377
clip_c8_20260727_145055.avi,11,c8_sim,Unknown #9,1342,281,132,369
clip_c8_20260727_145055.avi,12,c8_sim,Unknown #9,1376,256,110,327
clip_c8_20260727_145055.avi,13,c8_sim,Unknown #9,1377,238,127,348
clip_c8_20260727_145055.avi,14,c8_sim,Unknown #9,1398,219,123,319
clip_c8_20260727_145055.avi,16,c8_sim,Unknown #9,1442,183,111,221
clip_c8_20260727_145055.avi,17,c8_sim,Unknown #9,1447,166,109,240
clip_c8_20260727_145055.avi,18,c8_sim,Unknown #9,1465,148,90,259
clip_c8_20260727_145055.avi,19,c8_sim,Unknown #9,1466,139,94,264
clip_c8_20260727_145055.avi,20,c8_sim,Unknown #9,1474,130,105,272
clip_c8_20260727_145055.avi,21,c8_sim,Unknown #9,1490,121,100,269
clip_c8_20260727_145055.avi,22,c8_sim,Unknown #9,1505,112,98,277
clip_c8_20260727_145055.avi,23,c8_sim,Unknown #9,1521,100,81,270
clip_c8_20260727_145055.avi,24,c8_sim,Unknown #9,1531,91,76,248
clip_c8_20260727_145055.avi,25,c8_sim,Unknown #9,1530,87,91,253
clip_c8_20260727_145055.avi,26,c8_sim,Unknown #9,1544,81,87,239
clip_c8_20260727_145055.avi,27,c8_sim,Unknown #9,1567,76,80,239
clip_c8_20260727_145055.avi,28,c8_sim,Unknown #9,1575,73,96,239
clip_c8_20260727_145055.avi,30,c8_sim,Unknown #9,1603,50,77,234
clip_c10_20260618_155056.avi,3,c10_sim,Unknown #7,995,215,132,323
clip_c10_20260618_155056.avi,4,c10_sim,Unknown #7,959,230,132,338
clip_c10_20260618_155056.avi,5,c10_sim,Unknown #7,937,232,177,340
clip_c10_20260618_155056.avi,6,c10_sim,Unknown #7,934,233,167,339
clip_c10_20260618_155056.avi,7,c10_sim,Unknown #7,880,256,161,338
clip_c10_20260618_155056.avi,8,c10_sim,Unknown #7,855,262,183,337
clip_c10_20260618_155056.avi,9,c10_sim,Unknown #7,837,267,175,330
clip_c10_20260618_155056.avi,10,c10_sim,Unknown #7,823,274,131,345
clip_c10_20260618_155056.avi,11,c10_sim,Unknown #7,806,283,135,362
clip_c10_20260618_155056.avi,12,c10_sim,Unknown #7,798,288,143,366
clip_c10_20260618_155056.avi,13,c10_sim,Unknown #7,796,291,145,368
clip_c10_20260618_155056.avi,14,c10_sim,Unknown #7,750,305,145,363
clip_c10_20260618_155056.avi,15,c10_sim,Unknown #7,723,318,168,348
clip_c10_20260618_155056.avi,16,c10_sim,Unknown #7,685,336,194,363
clip_c10_20260618_155056.avi,17,c10_sim,Unknown #7,660,344,213,358
clip_c10_20260618_155056.avi,18,c10_sim,Unknown #7,636,354,193,347
clip_c10_20260618_155056.avi,19,c10_sim,Unknown #7,631,357,184,350
clip_c10_20260618_155056.avi,20,c10_sim,Unknown #7,518,420,201,371
clip_c10_20260618_155056.avi,22,c10_sim,Unknown #7,459,464,251,382
clip_c10_20260618_155056.avi,24,c10_sim,Unknown #7,320,570,345,379
clip_c10_20260618_155056.avi,26,c10_sim,Unknown #7,285,598,272,365
clip_c10_20260727_145319.avi,2,c10_sim,Unknown #10,1043,185,129,337
clip_c10_20260727_145319.avi,3,c10_sim,Unknown #10,969,199,196,363
clip_c10_20260727_145319.avi,4,c10_sim,Unknown #10,953,210,166,362
clip_c10_20260727_145319.avi,5,c10_sim,Unknown #10,968,214,104,359
clip_c10_20260727_145319.avi,6,c10_sim,Unknown #10,899,230,160,378
clip_c10_20260727_145319.avi,7,c10_sim,Unknown #10,881,246,140,376
clip_c10_20260727_145319.avi,8,c10_sim,Unknown #10,804,256,168,376
clip_c10_20260727_145319.avi,9,c10_sim,Unknown #10,731,278,220,407
clip_c10_20260727_145319.avi,10,c10_sim,Unknown #10,714,296,184,409
clip_c10_20260727_145319.avi,11,c10_sim,Unknown #10,712,313,148,396
clip_c10_20260727_145319.avi,12,c10_sim,Unknown #10,672,337,188,418
clip_c10_20260727_145319.avi,13,c10_sim,Unknown #10,617,359,203,415
clip_c10_20260727_145319.avi,14,c10_sim,Unknown #10,528,383,217,428
clip_c11_20260727_145334.avi,6,c11_sim,Unknown #11,788,163,41,123
clip_c11_20260727_145334.avi,9,c11_sim,Unknown #11,783,180,42,116
clip_c11_20260727_145334.avi,10,c11_sim,Unknown #11,787,181,40,118
clip_c11_20260727_145334.avi,11,c11_sim,Unknown #11,792,179,39,122
clip_c11_20260727_145334.avi,12,c11_sim,Unknown #11,792,175,44,133
clip_c11_20260727_145334.avi,14,c11_sim,Unknown #11,804,180,46,132
clip_c11_20260727_145334.avi,17,c11_sim,Unknown #11,814,177,49,152
clip_c11_20260727_145334.avi,18,c11_sim,Unknown #11,819,175,47,162
clip_c11_20260727_145334.avi,19,c11_sim,Unknown #11,819,179,43,160
clip_c11_20260727_145334.avi,20,c11_sim,Unknown #11,819,179,44,160
clip_c11_20260727_145334.avi,21,c11_sim,Unknown #11,822,196,42,148
clip_c11_20260727_145334.avi,22,c11_sim,Unknown #11,823,193,52,153
clip_c11_20260727_145334.avi,23,c11_sim,Unknown #11,825,189,62,169
clip_c11_20260727_145334.avi,24,c11_sim,Unknown #11,823,194,63,169
clip_c11_20260727_145334.avi,25,c11_sim,Unknown #11,829,195,62,172
clip_c11_20260727_145334.avi,28,c11_sim,Unknown #11,848,193,65,213
clip_c11_20260727_145334.avi,29,c11_sim,Unknown #11,854,224,66,186
clip_c11_20260727_145334.avi,30,c11_sim,Unknown #11,851,216,83,209
clip_c11_20260727_145334.avi,32,c11_sim,Unknown #11,859,175,95,277
clip_c11_20260727_145334.avi,33,c11_sim,Unknown #11,880,245,82,222
clip_c11_20260727_145334.avi,34,c11_sim,Unknown #11,879,237,96,240
clip_c11_20260727_145334.avi,35,c11_sim,Unknown #11,884,231,100,254
clip_c11_20260727_145334.avi,36,c11_sim,Unknown #11,887,249,110,263
clip_c11_20260727_145334.avi,37,c11_sim,Unknown #11,912,258,105,260
clip_c11_20260727_145334.avi,38,c11_sim,Unknown #11,929,273,106,261
clip_c11_20260727_145334.avi,39,c11_sim,Unknown #11,925,272,129,279
clip_c11_20260727_145334.avi,40,c11_sim,Unknown #11,930,281,137,308
clip_c11_20260727_145334.avi,41,c11_sim,Unknown #11,957,295,125,300
clip_c11_20260727_145334.avi,42,c11_sim,Unknown #11,970,306,129,318
clip_c11_20260727_145334.avi,43,c11_sim,Unknown #11,987,318,132,324
clip_c11_20260727_145334.avi,44,c11_sim,Unknown #11,980,322,156,334
clip_c11_20260727_145334.avi,45,c11_sim,Unknown #11,999,345,169,364
clip_c11_20260727_145334.avi,46,c11_sim,Unknown #11,1051,354,150,368
clip_c11_20260727_145334.avi,47,c11_sim,Unknown #11,1050,371,180,386
clip_c11_20260727_145334.avi,48,c11_sim,Unknown #11,1136,379,150,379
clip_c11_20260727_145334.avi,52,c11_sim,Unknown #12,1384,474,218,391
clip_c11_20260727_145334.avi,53,c11_sim,Unknown #12,1504,491,190,378
clip_c11_20260727_145334.avi,54,c11_sim,Unknown #12,1503,519,255,368
clip_c11_20260727_145334.avi,55,c11_sim,Unknown #12,1629,557,238,354
clip_c11_20260727_145653.avi,0,c11_sim,Unknown #12,1585,523,184,358
clip_c11_20260727_145653.avi,1,c11_sim,Unknown #12,1559,507,170,364
clip_c11_20260727_145653.avi,2,c11_sim,Unknown #12,1474,504,214,352
clip_c11_20260727_145653.avi,3,c11_sim,Unknown #12,1466,493,183,355
clip_c11_20260727_145653.avi,4,c11_sim,Unknown #12,1455,479,157,369
clip_c11_20260727_145653.avi,7,c11_sim,Unknown #13,1337,437,148,362
clip_c11_20260727_145653.avi,8,c11_sim,Unknown #13,1236,431,205,362
clip_c11_20260727_145653.avi,9,c11_sim,Unknown #13,1229,426,166,348
clip_c11_20260727_145653.avi,10,c11_sim,Unknown #13,1199,404,160,365
clip_c11_20260727_145653.avi,11,c11_sim,Unknown #13,1146,396,185,374
clip_c11_20260727_145653.avi,12,c11_sim,Unknown #13,1151,381,146,366
clip_c11_20260727_145653.avi,13,c11_sim,Unknown #13,1145,367,123,345
clip_c11_20260727_145653.avi,14,c11_sim,Unknown #13,1062,365,169,342
clip_c11_20260727_145653.avi,15,c11_sim,Unknown #13,1059,356,148,337
clip_c11_20260727_145653.avi,16,c11_sim,Unknown #13,1017,339,153,322
clip_c11_20260727_145653.avi,17,c11_sim,Unknown #13,991,335,156,328
clip_c11_20260727_145653.avi,18,c11_sim,Unknown #13,992,327,136,328
clip_c11_20260727_145653.avi,19,c11_sim,Unknown #13,1003,313,99,318
clip_c11_20260727_145653.avi,20,c11_sim,Unknown #13,951,309,127,313
clip_c11_20260727_145653.avi,21,c11_sim,Unknown #13,942,304,137,312
clip_c11_20260727_145653.avi,22,c11_sim,Unknown #13,918,295,113,286
clip_c11_20260727_145653.avi,23,c11_sim,Unknown #13,892,289,118,292
clip_c11_20260727_145653.avi,24,c11_sim,Unknown #13,886,285,116,286
clip_c11_20260727_145653.avi,25,c11_sim,Unknown #13,903,273,82,269
clip_c11_20260727_145653.avi,28,c11_sim,Unknown #13,857,264,88,250
clip_c11_20260727_145653.avi,29,c11_sim,Unknown #13,819,256,109,255
clip_c11_20260727_145653.avi,30,c11_sim,Unknown #13,815,252,115,253
clip_c11_20260727_145653.avi,31,c11_sim,Unknown #13,833,252,86,234
clip_c11_20260727_145653.avi,32,c11_sim,Unknown #13,826,249,82,234
clip_c11_20260727_145653.avi,33,c11_sim,Unknown #13,815,245,90,230
clip_c11_20260727_145653.avi,34,c11_sim,Unknown #13,802,241,81,217
clip_c11_20260727_145653.avi,35,c11_sim,Unknown #13,776,235,109,220
clip_c11_20260727_145653.avi,36,c11_sim,Unknown #13,773,236,98,213
clip_c11_20260727_145653.avi,37,c11_sim,Unknown #13,790,235,72,208
clip_c11_20260727_145653.avi,38,c11_sim,Unknown #13,792,234,71,194
clip_c11_20260727_145653.avi,39,c11_sim,Unknown #13,785,232,75,197
clip_c11_20260727_145653.avi,40,c11_sim,Unknown #13,775,230,77,192
clip_c11_20260727_145653.avi,43,c11_sim,Unknown #13,785,212,69,184
clip_c11_20260727_145653.avi,44,c11_sim,Unknown #13,791,208,66,183
clip_c11_20260727_145653.avi,45,c11_sim,Unknown #13,788,214,66,175
clip_c11_20260727_145653.avi,47,c11_sim,Unknown #13,777,201,65,174
clip_c11_20260727_145653.avi,48,c11_sim,Unknown #13,777,200,67,175
clip_c11_20260727_145653.avi,49,c11_sim,Unknown #13,778,201,70,168
clip_c11_20260727_145653.avi,50,c11_sim,Unknown #13,779,196,66,161
clip_c11_20260727_145653.avi,51,c11_sim,Unknown #13,778,197,66,159
clip_c11_20260727_145653.avi,52,c11_sim,Unknown #13,777,193,57,158
clip_c11_20260727_145653.avi,54,c11_sim,Unknown #13,777,191,57,151
clip_c11_20260727_145653.avi,55,c11_sim,Unknown #13,780,191,56,149
clip_c11_20260727_145653.avi,56,c11_sim,Unknown #13,779,185,58,151
clip_c11_20260727_145653.avi,57,c11_sim,Unknown #13,778,186,56,151
clip_c11_20260727_145653.avi,58,c11_sim,Unknown #13,779,183,51,142
clip_c11_20260727_145653.avi,59,c11_sim,Unknown #13,778,185,52,140
clip_c11_20260727_145653.avi,61,c11_sim,Unknown #13,778,183,52,133
clip_c11_20260727_145653.avi,62,c11_sim,Unknown #13,778,185,51,127
clip_c11_20260727_145653.avi,64,c11_sim,Unknown #13,776,187,44,121
clip_c11_20260727_145653.avi,66,c11_sim,Unknown #13,777,187,41,115
clip_c11_20260727_145653.avi,72,c11_sim,Unknown #13,775,161,41,119
clip_c11_20260727_145653.avi,73,c11_sim,Unknown #13,777,160,35,114
clip_c11_20260727_145653.avi,74,c11_sim,Unknown #13,776,158,34,114
clip_c11_20260727_145653.avi,79,c11_sim,Unknown #13,777,154,37,99
clip_c11_20260727_150629.avi,3,c11_sim,Unknown #14,257,604,263,435
clip_c11_20260727_150629.avi,4,c11_sim,Unknown #14,281,602,291,444
clip_c11_20260727_150629.avi,6,c11_sim,Unknown #14,405,581,195,439
clip_c11_20260727_150629.avi,7,c11_sim,Unknown #14,447,563,179,441
clip_c11_20260727_150629.avi,8,c11_sim,Unknown #14,478,552,168,450
clip_c11_20260727_150629.avi,9,c11_sim,Unknown #14,507,535,167,447
clip_c11_20260727_150629.avi,10,c11_sim,Unknown #14,545,511,159,407
clip_c11_20260727_150629.avi,11,c11_sim,Unknown #14,579,498,180,411
clip_c11_20260727_150629.avi,12,c11_sim,Unknown #14,619,484,153,395
clip_c11_20260727_150629.avi,13,c11_sim,Unknown #14,643,467,161,378
clip_c11_20260727_150629.avi,14,c11_sim,Unknown #14,664,452,161,393
clip_c11_20260727_150629.avi,15,c11_sim,Unknown #14,683,438,137,382
clip_c11_20260727_150629.avi,16,c11_sim,Unknown #14,682,424,145,343
clip_c11_20260727_150629.avi,17,c11_sim,Unknown #14,688,413,152,353
clip_c11_20260727_150629.avi,18,c11_sim,Unknown #14,708,400,146,340
clip_c11_20260727_150629.avi,19,c11_sim,Unknown #14,712,382,153,324
clip_c11_20260727_150629.avi,20,c11_sim,Unknown #14,723,376,129,328
clip_c11_20260727_150629.avi,21,c11_sim,Unknown #14,720,362,125,307
clip_c11_20260727_150629.avi,22,c11_sim,Unknown #14,723,356,127,295
clip_c11_20260727_150629.avi,24,c11_sim,Unknown #14,759,338,98,273
clip_c11_20260727_150629.avi,25,c11_sim,Unknown #14,759,328,102,273
clip_c11_20260727_150629.avi,26,c11_sim,Unknown #14,767,320,91,268
clip_c11_20260727_150629.avi,27,c11_sim,Unknown #14,763,308,97,252
clip_c11_20260727_150629.avi,28,c11_sim,Unknown #14,775,307,102,254
clip_c11_20260727_150629.avi,29,c11_sim,Unknown #14,788,298,87,249
clip_c11_20260727_150629.avi,31,c11_sim,Unknown #14,809,292,79,229
clip_c11_20260727_150629.avi,32,c11_sim,Unknown #14,815,283,72,223
clip_c11_20260727_150629.avi,33,c11_sim,Unknown #14,818,275,80,220
clip_c11_20260727_150629.avi,34,c11_sim,Unknown #14,801,274,115,220
clip_c11_20260727_150629.avi,35,c11_sim,Unknown #14,826,267,122,206
clip_c11_20260727_150629.avi,36,c11_sim,Unknown #14,838,262,111,209
clip_c11_20260727_150629.avi,37,c11_sim,Unknown #14,834,257,107,208
clip_c11_20260727_150629.avi,38,c11_sim,Unknown #14,823,251,122,198
clip_c11_20260727_150629.avi,40,c11_sim,Unknown #14,845,246,86,192
clip_c11_20260727_150629.avi,41,c11_sim,Unknown #14,855,245,67,179
clip_c11_20260727_150629.avi,46,c11_sim,Unknown #14,870,226,64,171
clip_c9_20260727_145031.avi,32,c9_sim,Unknown #8,900,54,44,148
clip_c9_20260727_145031.avi,33,c9_sim,Unknown #8,894,55,53,151
clip_c9_20260727_145031.avi,34,c9_sim,Unknown #8,890,56,65,152
clip_c9_20260727_145031.avi,37,c9_sim,Unknown #8,883,67,51,152
clip_c9_20260727_145031.avi,43,c9_sim,Unknown #8,878,78,56,171
clip_c9_20260727_145031.avi,44,c9_sim,Unknown #8,878,79,56,180
clip_c9_20260727_145031.avi,47,c9_sim,Unknown #8,877,83,59,179
clip_c9_20260727_145031.avi,48,c9_sim,Unknown #8,875,87,61,185
clip_c9_20260727_145031.avi,49,c9_sim,Unknown #8,873,90,62,202
clip_c9_20260727_145031.avi,50,c9_sim,Unknown #8,868,90,68,196
clip_c9_20260727_145031.avi,51,c9_sim,Unknown #8,870,92,62,208
clip_c9_20260727_145031.avi,52,c9_sim,Unknown #8,874,98,55,211
clip_c9_20260727_145031.avi,53,c9_sim,Unknown #8,874,102,57,204
clip_c9_20260727_145031.avi,54,c9_sim,Unknown #8,871,102,63,202
clip_c9_20260727_145031.avi,55,c9_sim,Unknown #8,868,106,65,219
clip_c9_20260727_145031.avi,56,c9_sim,Unknown #8,864,109,66,224
clip_c9_20260727_145031.avi,57,c9_sim,Unknown #8,863,111,67,223
clip_c9_20260727_145031.avi,58,c9_sim,Unknown #8,860,114,74,220
clip_c9_20260727_145031.avi,59,c9_sim,Unknown #8,860,120,73,227
clip_c9_20260727_145031.avi,60,c9_sim,Unknown #8,864,122,73,229
clip_c9_20260727_145031.avi,61,c9_sim,Unknown #8,864,126,78,227
clip_c9_20260727_145031.avi,62,c9_sim,Unknown #8,859,131,81,243
clip_c9_20260727_145031.avi,63,c9_sim,Unknown #8,857,135,76,255
clip_c9_20260727_145031.avi,64,c9_sim,Unknown #8,846,138,86,251
clip_c9_20260727_145031.avi,65,c9_sim,Unknown #8,841,141,94,248
clip_c9_20260727_145031.avi,66,c9_sim,Unknown #8,856,152,78,272
clip_c9_20260727_145031.avi,67,c9_sim,Unknown #8,849,155,93,267
clip_c9_20260727_145031.avi,68,c9_sim,Unknown #8,843,159,112,297
clip_c9_20260727_145031.avi,69,c9_sim,Unknown #8,842,167,122,302
clip_c9_20260727_145031.avi,70,c9_sim,Unknown #8,845,171,125,298
clip_c9_20260727_145031.avi,71,c9_sim,Unknown #8,883,182,119,310
clip_c9_20260727_145031.avi,72,c9_sim,Unknown #8,909,192,97,311
clip_c9_20260727_145031.avi,73,c9_sim,Unknown #8,933,193,108,319
clip_c9_20260727_145031.avi,74,c9_sim,Unknown #8,922,203,159,344
clip_c9_20260727_145031.avi,75,c9_sim,Unknown #8,931,209,157,345
clip_c9_20260727_145031.avi,76,c9_sim,Unknown #8,983,212,113,345
clip_c9_20260727_145031.avi,77,c9_sim,Unknown #8,1021,226,185,339
clip_c9_20260727_145031.avi,78,c9_sim,Unknown #8,1045,228,187,341
clip_c9_20260727_145031.avi,79,c9_sim,Unknown #8,1134,227,98,353
clip_c9_20260727_145031.avi,80,c9_sim,Unknown #8,1146,238,173,361
clip_c9_20260727_145031.avi,81,c9_sim,Unknown #8,1193,248,137,344
clip_c8_20260727_150740.avi,16,c8_sim,Unknown #14,1058,483,212,357
clip_c8_20260727_150740.avi,17,c8_sim,Unknown #14,1105,463,190,336
clip_c8_20260727_150740.avi,18,c8_sim,Unknown #14,1136,459,159,269
clip_c8_20260727_150740.avi,19,c8_sim,Unknown #14,1170,389,156,332
clip_c8_20260727_150740.avi,20,c8_sim,Unknown #14,1212,350,148,323
clip_c8_20260727_150740.avi,21,c8_sim,Unknown #14,1251,326,151,325
clip_c8_20260727_150740.avi,22,c8_sim,Unknown #14,1262,302,141,345
clip_c8_20260727_150740.avi,23,c8_sim,Unknown #14,1287,268,147,322
clip_c8_20260727_150740.avi,24,c8_sim,Unknown #14,1305,252,125,299
clip_c8_20260727_150740.avi,26,c8_sim,Unknown #14,1368,216,110,187
clip_c8_20260727_150740.avi,27,c8_sim,Unknown #14,1383,203,118,156
clip_c8_20260727_150740.avi,29,c8_sim,Unknown #14,1403,166,105,238
clip_c8_20260727_150740.avi,30,c8_sim,Unknown #14,1414,151,103,251
clip_c8_20260727_150740.avi,31,c8_sim,Unknown #14,1421,142,107,258
clip_c8_20260727_150740.avi,32,c8_sim,Unknown #14,1456,130,101,245
clip_c8_20260727_150740.avi,33,c8_sim,Unknown #14,1474,116,88,261
clip_c8_20260727_150740.avi,34,c8_sim,Unknown #14,1483,105,101,262
clip_c8_20260727_150740.avi,35,c8_sim,Unknown #14,1506,102,78,234
clip_c8_20260727_150740.avi,36,c8_sim,Unknown #14,1509,103,97,225
clip_c8_20260727_150740.avi,37,c8_sim,Unknown #14,1523,100,102,224
clip_c8_20260727_150740.avi,39,c8_sim,Unknown #14,1568,86,102,227
clip_c10_20260727_145721.avi,2,c10_sim,Unknown #15,393,561,307,454
clip_c10_20260727_145721.avi,3,c10_sim,Unknown #15,443,517,260,447
clip_c10_20260727_145721.avi,4,c10_sim,Unknown #15,490,498,256,466
clip_c10_20260727_145721.avi,5,c10_sim,Unknown #15,539,462,232,474
clip_c10_20260727_145721.avi,6,c10_sim,Unknown #15,583,421,205,432
clip_c10_20260727_145721.avi,7,c10_sim,Unknown #15,634,396,255,450
clip_c10_20260727_145721.avi,8,c10_sim,Unknown #15,685,375,213,430
clip_c10_20260727_145721.avi,9,c10_sim,Unknown #15,728,349,192,418
clip_c10_20260727_145721.avi,10,c10_sim,Unknown #15,766,327,202,438
clip_c10_20260727_145721.avi,11,c10_sim,Unknown #15,805,309,189,431
clip_c10_20260727_145721.avi,12,c10_sim,Unknown #15,843,284,149,397
clip_c10_20260727_145721.avi,13,c10_sim,Unknown #15,883,268,193,401
clip_c10_20260727_145721.avi,14,c10_sim,Unknown #15,916,257,170,384
clip_c10_20260727_145721.avi,15,c10_sim,Unknown #15,957,241,171,381
clip_c10_20260727_145721.avi,16,c10_sim,Unknown #15,985,232,181,389
clip_c10_20260727_145721.avi,18,c10_sim,Unknown #15,1043,206,128,344
clip_c10_20260727_145721.avi,19,c10_sim,Unknown #15,1067,194,135,350
clip_c10_20260727_145721.avi,20,c10_sim,Unknown #15,1097,185,105,341
clip_c10_20260727_145721.avi,21,c10_sim,Unknown #15,1123,175,101,322
clip_c10_20260727_145721.avi,22,c10_sim,Unknown #15,1145,168,79,330
clip_c11_20260727_170139.avi,3,c11_sim,Unknown #16,1624,527,145,377
clip_c11_20260727_170139.avi,4,c11_sim,Unknown #16,1514,522,216,378
clip_c11_20260727_170139.avi,5,c11_sim,Unknown #16,1500,514,192,386
clip_c11_20260727_170139.avi,6,c11_sim,Unknown #16,1503,494,154,377
clip_c11_20260727_170139.avi,7,c11_sim,Unknown #16,1386,485,220,372
clip_c11_20260727_170139.avi,9,c11_sim,Unknown #16,1359,455,146,373
clip_c11_20260727_170139.avi,10,c11_sim,Unknown #16,1294,447,179,381
clip_c11_20260727_170139.avi,11,c11_sim,Unknown #16,1236,437,183,387
clip_c11_20260727_170139.avi,12,c11_sim,Unknown #16,1238,414,140,361
clip_c11_20260727_170139.avi,13,c11_sim,Unknown #16,1159,398,174,369
clip_c11_20260727_170139.avi,14,c11_sim,Unknown #16,1120,394,172,371
clip_c11_20260727_170139.avi,15,c11_sim,Unknown #16,1121,374,128,348
clip_c11_20260727_170139.avi,16,c11_sim,Unknown #16,1119,360,104,352
clip_c11_20260727_170139.avi,17,c11_sim,Unknown #16,1074,359,122,353
clip_c11_20260727_170139.avi,18,c11_sim,Unknown #16,1028,343,145,324
clip_c11_20260727_170139.avi,19,c11_sim,Unknown #16,1008,323,138,327
clip_c11_20260727_170139.avi,20,c11_sim,Unknown #16,976,321,127,328
clip_c11_20260727_170139.avi,21,c11_sim,Unknown #16,959,315,127,312
clip_c11_20260727_170139.avi,22,c11_sim,Unknown #16,970,301,81,294
clip_c11_20260727_170139.avi,23,c11_sim,Unknown #16,922,297,112,297
clip_c11_20260727_170139.avi,24,c11_sim,Unknown #16,890,291,123,291
clip_c11_20260727_170139.avi,25,c11_sim,Unknown #16,889,278,111,277
clip_c11_20260727_170139.avi,26,c11_sim,Unknown #16,885,276,91,273
clip_c11_20260727_170139.avi,27,c11_sim,Unknown #16,884,276,74,260
clip_c11_20260727_170139.avi,28,c11_sim,Unknown #16,860,267,88,246
clip_c11_20260727_170139.avi,29,c11_sim,Unknown #16,826,259,105,250
clip_c11_20260727_170139.avi,30,c11_sim,Unknown #16,821,259,104,243
clip_c11_20260727_170139.avi,31,c11_sim,Unknown #16,819,248,100,235
clip_c11_20260727_170139.avi,32,c11_sim,Unknown #16,835,244,76,227
clip_c11_20260727_170139.avi,33,c11_sim,Unknown #16,833,242,70,224
clip_c11_20260727_170139.avi,35,c11_sim,Unknown #16,798,238,92,205
clip_c11_20260727_170139.avi,36,c11_sim,Unknown #16,797,235,98,205
clip_c11_20260727_170139.avi,38,c11_sim,Unknown #16,800,225,84,192
clip_c11_20260727_170139.avi,39,c11_sim,Unknown #16,807,214,73,200
clip_c11_20260727_170139.avi,41,c11_sim,Unknown #16,805,211,66,182
clip_c11_20260727_170139.avi,42,c11_sim,Unknown #16,808,208,61,184
clip_c11_20260727_170139.avi,43,c11_sim,Unknown #16,808,218,59,171
clip_c11_20260727_170139.avi,48,c11_sim,Unknown #16,789,195,65,159
clip_c11_20260727_170139.avi,53,c11_sim,Unknown #16,775,188,41,135
clip_c11_20260727_170139.avi,54,c11_sim,Unknown #16,775,183,37,142
clip_c9_20260727_150719.avi,36,c9_sim,Unknown #14,886,115,61,188
clip_c9_20260727_150719.avi,37,c9_sim,Unknown #14,883,120,65,187
clip_c9_20260727_150719.avi,38,c9_sim,Unknown #14,876,125,71,185
clip_c9_20260727_150719.avi,39,c9_sim,Unknown #14,852,131,88,208
clip_c9_20260727_150719.avi,40,c9_sim,Unknown #14,845,136,88,210
clip_c9_20260727_150719.avi,41,c9_sim,Unknown #14,846,138,83,208
clip_c9_20260727_150719.avi,42,c9_sim,Unknown #14,847,142,81,205
clip_c9_20260727_150719.avi,43,c9_sim,Unknown #14,851,147,83,208
clip_c9_20260727_150719.avi,44,c9_sim,Unknown #14,860,154,76,199
clip_c9_20260727_150719.avi,45,c9_sim,Unknown #14,857,155,87,202
clip_c9_20260727_150719.avi,46,c9_sim,Unknown #14,862,159,80,228
clip_c9_20260727_150719.avi,47,c9_sim,Unknown #14,859,163,73,227
clip_c9_20260727_150719.avi,48,c9_sim,Unknown #14,851,170,79,222
clip_c9_20260727_150719.avi,49,c9_sim,Unknown #14,854,177,87,240
clip_c9_20260727_150719.avi,50,c9_sim,Unknown #14,858,181,86,244
clip_c9_20260727_150719.avi,51,c9_sim,Unknown #14,856,183,88,244
clip_c9_20260727_150719.avi,52,c9_sim,Unknown #14,853,189,96,270
clip_c9_20260727_150719.avi,53,c9_sim,Unknown #14,852,197,103,268
clip_c9_20260727_150719.avi,54,c9_sim,Unknown #14,865,200,94,266
clip_c9_20260727_150719.avi,55,c9_sim,Unknown #14,878,207,116,284
clip_c9_20260727_150719.avi,56,c9_sim,Unknown #14,896,212,100,290
clip_c9_20260727_150719.avi,57,c9_sim,Unknown #14,914,216,93,285
clip_c9_20260727_150719.avi,58,c9_sim,Unknown #14,925,223,105,309
clip_c9_20260727_150719.avi,59,c9_sim,Unknown #14,943,234,109,311
clip_c9_20260727_150719.avi,60,c9_sim,Unknown #14,981,234,88,311
clip_c9_20260727_150719.avi,61,c9_sim,Unknown #14,1002,240,127,309
clip_c9_20260727_150719.avi,62,c9_sim,Unknown #14,1005,242,172,312
clip_c9_20260727_150719.avi,63,c9_sim,Unknown #14,1091,248,93,284
clip_c9_20260727_150719.avi,64,c9_sim,Unknown #14,1108,254,132,328
clip_c9_20260727_150719.avi,65,c9_sim,Unknown #14,1122,262,154,320
clip_c9_20260727_150719.avi,66,c9_sim,Unknown #14,1210,261,92,322
clip_c9_20260727_150719.avi,67,c9_sim,Unknown #14,1219,265,109,323
clip_c10_20260727_165919.avi,11,c10_sim,Unknown #16,190,450,186,382
clip_c10_20260727_165919.avi,12,c10_sim,Unknown #16,214,420,177,306
clip_c10_20260727_165919.avi,13,c10_sim,Unknown #16,284,387,165,331
clip_c10_20260727_165919.avi,14,c10_sim,Unknown #16,307,359,142,288
clip_c10_20260727_165919.avi,15,c10_sim,Unknown #16,329,330,124,309
clip_c10_20260727_165919.avi,16,c10_sim,Unknown #16,354,331,129,299
clip_c10_20260727_165919.avi,17,c10_sim,Unknown #16,363,309,122,268
clip_c10_20260727_165919.avi,18,c10_sim,Unknown #16,386,284,139,279
clip_c10_20260727_165919.avi,19,c10_sim,Unknown #16,410,278,133,278
clip_c10_20260727_165919.avi,20,c10_sim,Unknown #16,435,264,107,246
clip_c10_20260727_165919.avi,21,c10_sim,Unknown #16,441,248,109,258
clip_c10_20260727_165919.avi,22,c10_sim,Unknown #16,465,234,110,266
clip_c10_20260727_165919.avi,23,c10_sim,Unknown #16,484,222,94,225
clip_c10_20260727_165919.avi,24,c10_sim,Unknown #16,495,210,109,230
clip_c10_20260727_165919.avi,25,c10_sim,Unknown #16,519,201,98,226
clip_c10_20260727_165919.avi,26,c10_sim,Unknown #16,526,190,92,210
clip_c10_20260727_165919.avi,27,c10_sim,Unknown #16,540,182,89,217
clip_c10_20260727_165919.avi,28,c10_sim,Unknown #16,553,179,83,212
clip_c10_20260727_165919.avi,29,c10_sim,Unknown #16,576,151,90,208
clip_c10_20260727_165919.avi,30,c10_sim,Unknown #16,587,152,78,181
clip_c10_20260727_165919.avi,31,c10_sim,Unknown #16,593,140,73,186
clip_c10_20260727_165919.avi,32,c10_sim,Unknown #16,610,128,69,171
clip_c10_20260727_165919.avi,33,c10_sim,Unknown #16,612,132,73,167
clip_c10_20260727_165919.avi,34,c10_sim,Unknown #16,622,128,61,152
clip_c10_20260727_165919.avi,36,c10_sim,Unknown #16,630,117,57,152
clip_c11_20260813_134940.avi,14,c11_sim,Unknown #3,888,200,76,209
clip_c11_20260813_134940.avi,21,c11_sim,Unknown #3,902,234,62,178
clip_c11_20260813_134940.avi,22,c11_sim,Unknown #3,906,237,59,177
clip_c11_20260813_134940.avi,23,c11_sim,Unknown #3,905,229,61,190
clip_c11_20260813_134940.avi,25,c11_sim,Unknown #3,905,230,65,193
clip_c11_20260813_134940.avi,26,c11_sim,Unknown #3,909,221,59,203
clip_c11_20260813_134940.avi,27,c11_sim,Unknown #3,910,214,62,215
clip_c11_20260813_134940.avi,28,c11_sim,Unknown #3,910,217,66,215
clip_c11_20260813_134940.avi,29,c11_sim,Unknown #3,914,215,63,216
clip_c11_20260813_134940.avi,30,c11_sim,Unknown #3,916,216,62,215
clip_c11_20260813_134940.avi,31,c11_sim,Unknown #3,916,216,67,215
clip_c11_20260813_134940.avi,32,c11_sim,Unknown #3,918,217,67,214
clip_c11_20260813_134940.avi,33,c11_sim,Unknown #3,920,218,69,210
clip_c11_20260813_134940.avi,34,c11_sim,Unknown #3,921,220,70,215
clip_c11_20260813_134940.avi,35,c11_sim,Unknown #3,923,224,74,213
clip_c11_20260813_134940.avi,36,c11_sim,Unknown #3,923,225,77,215
clip_c11_20260813_134940.avi,37,c11_sim,Unknown #3,926,227,77,216
clip_c11_20260813_134940.avi,38,c11_sim,Unknown #3,926,227,78,219
clip_c11_20260813_134940.avi,39,c11_sim,Unknown #3,927,228,79,222
clip_c11_20260813_134940.avi,40,c11_sim,Unknown #3,926,228,84,223
clip_c11_20260813_134940.avi,41,c11_sim,Unknown #3,927,228,81,227
clip_c11_20260813_134940.avi,42,c11_sim,Unknown #3,927,229,81,229
clip_c11_20260813_134940.avi,43,c11_sim,Unknown #3,927,229,79,230
clip_c11_20260813_134940.avi,44,c11_sim,Unknown #3,927,229,79,232
clip_c11_20260813_134940.avi,45,c11_sim,Unknown #3,927,229,76,232
clip_c11_20260813_134940.avi,46,c11_sim,Unknown #3,927,229,75,233
clip_c11_20260813_134940.avi,47,c11_sim,Unknown #3,927,230,74,232
clip_c11_20260813_134940.avi,48,c11_sim,Unknown #3,926,229,75,230
clip_c11_20260813_134940.avi,49,c11_sim,Unknown #3,925,229,77,231
clip_c11_20260813_134940.avi,50,c11_sim,Unknown #3,924,230,79,230
clip_c11_20260813_134940.avi,51,c11_sim,Unknown #3,925,230,77,234
clip_c11_20260813_134940.avi,52,c11_sim,Unknown #3,925,231,77,236
clip_c11_20260813_134940.avi,53,c11_sim,Unknown #3,925,232,78,239
clip_c11_20260813_134940.avi,54,c11_sim,Unknown #3,924,232,79,246
clip_c11_20260813_134940.avi,55,c11_sim,Unknown #3,924,234,81,249
clip_c11_20260813_134940.avi,56,c11_sim,Unknown #3,923,237,82,247
clip_c11_20260813_134940.avi,57,c11_sim,Unknown #3,925,238,81,248
clip_c11_20260813_134940.avi,58,c11_sim,Unknown #3,926,238,81,248
clip_c11_20260813_134940.avi,59,c11_sim,Unknown #3,927,239,80,247
clip_c11_20260813_134940.avi,60,c11_sim,Unknown #3,929,239,79,247
clip_c11_20260813_134940.avi,61,c11_sim,Unknown #3,931,239,78,247
clip_c11_20260813_134940.avi,62,c11_sim,Unknown #3,933,239,77,247
clip_c11_20260813_134940.avi,63,c11_sim,Unknown #3,934,239,75,247
clip_c11_20260813_134940.avi,64,c11_sim,Unknown #3,935,240,74,246
clip_c11_20260813_134940.avi,65,c11_sim,Unknown #3,935,240,74,246
clip_c11_20260813_134940.avi,66,c11_sim,Unknown #3,935,241,74,245
clip_c11_20260813_134940.avi,67,c11_sim,Unknown #3,936,240,73,245
clip_c11_20260813_134940.avi,68,c11_sim,Unknown #3,904,234,75,232
clip_c11_20260813_134940.avi,69,c11_sim,Unknown #3,898,232,81,232
clip_c11_20260813_134940.avi,70,c11_sim,Unknown #3,896,232,80,231
clip_c11_20260813_134940.avi,71,c11_sim,Unknown #3,893,232,82,232
clip_c11_20260813_134940.avi,73,c11_sim,Unknown #3,894,230,78,233
clip_c9_20260813_134952.avi,15,c9_sim,Unknown #17,841,44,59,158
clip_c9_20260813_134952.avi,16,c9_sim,Unknown #17,838,45,62,157
clip_c9_20260813_134952.avi,17,c9_sim,Unknown #17,838,47,62,156
clip_c9_20260813_134952.avi,18,c9_sim,Unknown #17,838,48,62,160
clip_c9_20260813_134952.avi,22,c9_sim,Unknown #17,838,51,63,155
clip_c9_20260813_134952.avi,23,c9_sim,Unknown #17,840,50,61,157
clip_c9_20260813_134952.avi,24,c9_sim,Unknown #17,840,50,61,158
clip_c9_20260813_134952.avi,25,c9_sim,Unknown #17,841,52,61,156
clip_c9_20260813_134952.avi,26,c9_sim,Unknown #17,841,51,60,157
clip_c9_20260813_134952.avi,27,c9_sim,Unknown #17,841,52,60,158
clip_c9_20260813_134952.avi,28,c9_sim,Unknown #17,841,53,60,158
clip_c9_20260813_134952.avi,29,c9_sim,Unknown #17,841,55,60,157
clip_c9_20260813_134952.avi,30,c9_sim,Unknown #17,841,54,60,162
clip_c9_20260813_134952.avi,31,c9_sim,Unknown #17,842,56,58,161
clip_c9_20260813_134952.avi,32,c9_sim,Unknown #17,840,57,58,164
clip_c9_20260813_134952.avi,33,c9_sim,Unknown #17,837,57,61,165
clip_c9_20260813_134952.avi,34,c9_sim,Unknown #17,838,58,59,164
clip_c9_20260813_134952.avi,35,c9_sim,Unknown #17,838,58,59,161
clip_c9_20260813_134952.avi,36,c9_sim,Unknown #17,837,59,59,164
clip_c9_20260813_134952.avi,37,c9_sim,Unknown #17,837,59,59,165
clip_c9_20260813_134952.avi,38,c9_sim,Unknown #17,839,59,59,165
clip_c9_20260813_134952.avi,39,c9_sim,Unknown #17,838,59,59,164
clip_c9_20260813_134952.avi,40,c9_sim,Unknown #17,837,60,60,167
clip_c9_20260813_134952.avi,41,c9_sim,Unknown #17,838,60,59,168
clip_c9_20260813_134952.avi,42,c9_sim,Unknown #17,840,60,57,170
clip_c9_20260813_134952.avi,43,c9_sim,Unknown #17,839,64,58,170
clip_c9_20260813_134952.avi,44,c9_sim,Unknown #17,840,66,56,174
clip_c9_20260813_134952.avi,45,c9_sim,Unknown #17,838,67,58,173
clip_c9_20260813_134952.avi,46,c9_sim,Unknown #17,837,68,59,175
clip_c9_20260813_134952.avi,47,c9_sim,Unknown #17,838,69,58,175
clip_c9_20260813_134952.avi,48,c9_sim,Unknown #17,837,70,60,175
clip_c9_20260813_134952.avi,49,c9_sim,Unknown #17,836,69,64,173
clip_c9_20260813_134952.avi,50,c9_sim,Unknown #17,835,69,65,174
clip_c9_20260813_134952.avi,51,c9_sim,Unknown #17,836,69,65,173
clip_c9_20260813_134952.avi,52,c9_sim,Unknown #17,841,69,61,174
clip_c9_20260813_134952.avi,53,c9_sim,Unknown #17,841,70,61,175
clip_c9_20260813_134952.avi,54,c9_sim,Unknown #17,840,70,63,180
clip_c9_20260813_134952.avi,55,c9_sim,Unknown #17,840,72,63,178
clip_c9_20260813_134952.avi,56,c9_sim,Unknown #17,839,73,64,182
clip_c9_20260813_134952.avi,57,c9_sim,Unknown #17,836,74,67,181
clip_c9_20260813_134952.avi,58,c9_sim,Unknown #17,836,75,66,182
clip_c9_20260813_134952.avi,59,c9_sim,Unknown #17,836,77,66,184
clip_c9_20260813_134952.avi,60,c9_sim,Unknown #17,835,77,67,186
clip_c9_20260813_134952.avi,61,c9_sim,Unknown #17,835,77,67,189
clip_c9_20260813_134952.avi,62,c9_sim,Unknown #17,837,77,64,186
clip_c9_20260813_134952.avi,63,c9_sim,Unknown #17,836,76,66,188
clip_c9_20260813_134952.avi,64,c9_sim,Unknown #17,836,77,66,187
clip_c9_20260813_134952.avi,65,c9_sim,Unknown #17,836,77,67,187
clip_c9_20260813_134952.avi,66,c9_sim,Unknown #17,836,78,66,188
clip_c9_20260813_134952.avi,67,c9_sim,Unknown #17,836,80,67,185
clip_c9_20260813_134952.avi,68,c9_sim,Unknown #17,835,81,68,189
clip_c8_20260813_135011.avi,17,c8_sim,Unknown #18,979,327,132,398
clip_c8_20260813_135011.avi,18,c8_sim,Unknown #18,981,316,130,383
clip_c8_20260813_135011.avi,19,c8_sim,Unknown #18,984,307,128,370
clip_c8_20260813_135011.avi,20,c8_sim,Unknown #18,986,298,127,363
clip_c8_20260813_135011.avi,21,c8_sim,Unknown #18,984,295,130,362
clip_c8_20260813_135011.avi,22,c8_sim,Unknown #18,985,288,132,367
clip_c8_20260813_135011.avi,23,c8_sim,Unknown #18,985,282,136,375
clip_c8_20260813_135011.avi,24,c8_sim,Unknown #18,986,276,139,382
clip_c8_20260813_135011.avi,25,c8_sim,Unknown #18,987,272,136,382
clip_c8_20260813_135011.avi,26,c8_sim,Unknown #18,988,266,138,389
clip_c8_20260813_135011.avi,27,c8_sim,Unknown #18,988,259,135,398
clip_c8_20260813_135011.avi,28,c8_sim,Unknown #18,993,251,135,398
clip_c8_20260813_135011.avi,29,c8_sim,Unknown #18,995,246,137,380
clip_c8_20260813_135011.avi,30,c8_sim,Unknown #18,1002,238,136,370
clip_c8_20260813_135011.avi,31,c8_sim,Unknown #18,1008,228,135,368
clip_c8_20260813_135011.avi,32,c8_sim,Unknown #18,1008,218,142,350
clip_c8_20260813_135011.avi,33,c8_sim,Unknown #18,1010,211,146,340
clip_c8_20260813_135011.avi,34,c8_sim,Unknown #18,1011,205,150,345
clip_c8_20260813_135011.avi,35,c8_sim,Unknown #18,1010,201,154,347
clip_c8_20260813_135011.avi,36,c8_sim,Unknown #18,1013,196,153,352
clip_c8_20260813_135011.avi,37,c8_sim,Unknown #18,1016,190,155,357
clip_c8_20260813_135011.avi,38,c8_sim,Unknown #18,1023,189,150,360
clip_c8_20260813_135011.avi,39,c8_sim,Unknown #18,1026,184,149,363
clip_c8_20260813_135011.avi,40,c8_sim,Unknown #18,1029,178,148,368
clip_c8_20260813_135011.avi,41,c8_sim,Unknown #18,1032,173,145,371
clip_c8_20260813_135011.avi,42,c8_sim,Unknown #18,1035,167,143,373
clip_c8_20260813_135011.avi,43,c8_sim,Unknown #18,1038,159,139,368
clip_c8_20260813_135011.avi,44,c8_sim,Unknown #18,1041,154,135,356
clip_c8_20260813_135011.avi,45,c8_sim,Unknown #18,1043,150,134,344
clip_c8_20260813_135011.avi,46,c8_sim,Unknown #18,1045,143,131,263
clip_c8_20260813_135011.avi,47,c8_sim,Unknown #18,1047,140,130,265
clip_c8_20260813_135011.avi,48,c8_sim,Unknown #18,1048,134,129,271
clip_c8_20260813_135011.avi,49,c8_sim,Unknown #18,1052,131,126,274
clip_c8_20260813_135011.avi,50,c8_sim,Unknown #18,1056,128,124,276
clip_c8_20260813_135011.avi,51,c8_sim,Unknown #18,1060,124,121,279
clip_c8_20260813_135011.avi,52,c8_sim,Unknown #18,1065,119,117,283
clip_c8_20260813_135011.avi,53,c8_sim,Unknown #18,1068,116,115,287
clip_c8_20260813_135011.avi,54,c8_sim,Unknown #18,1070,112,115,291
clip_c8_20260813_135011.avi,55,c8_sim,Unknown #18,1073,108,116,296
clip_c8_20260813_135011.avi,56,c8_sim,Unknown #18,1075,104,116,293
