frame,source_clip,local_frame,camera,person,x,y,w,h
1,clip_c10_20260617_152807.avi,7,c10,1,1129,106,97,279
2,clip_c10_20260617_152807.avi,14,c10,1,954,134,151,296
3,clip_c10_20260617_152807.avi,14,c10,2,1088,201,119,307
4,clip_c10_20260617_152807.avi,21,c10,1,858,162,110,323
5,clip_c10_20260617_152807.avi,21,c10,2,1025,248,132,342
6,clip_c10_20260617_152807.avi,28,c10,2,910,304,125,379
7,clip_c10_20260617_152807.avi,28,c10,1,727,221,144,360
8,clip_c10_20260617_152807.avi,35,c10,2,749,386,200,416
9,clip_c10_20260617_152807.avi,35,c10,1,580,282,205,379
10,clip_c10_20260617_152807.avi,42,c10,2,528,498,231,432
11,clip_c10_20260617_152807.avi,42,c10,1,403,377,135,379
12,clip_c10_20260617_152807.avi,49,c10,2,337,615,323,379
13,clip_c10_20260617_152807.avi,49,c10,1,193,476,158,223
14,clip_c10_20260617_152807.avi,56,c10,2,82,843,267,236
15,clip_c10_20260618_154820.avi,0,c10,3,111,764,381,315
16,clip_c10_20260618_154820.avi,9,c10,3,341,535,322,440
17,clip_c10_20260618_154820.avi,18,c10,3,618,337,228,416
18,clip_c10_20260618_154820.avi,27,c10,3,875,222,181,368
19,clip_c10_20260618_155056.avi,0,c10,4,1134,179,93,317
20,clip_c10_20260618_155056.avi,6,c10,4,934,233,167,339
21,clip_c10_20260618_155056.avi,12,c10,4,798,288,143,365
22,clip_c10_20260618_155056.avi,18,c10,4,636,354,192,346
23,clip_c10_20260618_155056.avi,24,c10,4,320,570,344,378
24,clip_c10_20260727_145319.avi,0,c10,5,1106,174,102,330
25,clip_c10_20260727_145319.avi,5,c10,5,968,214,104,358
26,clip_c10_20260727_145319.avi,10,c10,5,714,296,183,408
27,clip_c10_20260727_145319.avi,15,c10,5,477,410,264,442
28,clip_c10_20260727_145319.avi,20,c10,5,281,588,273,435
29,clip_c10_20260727_145721.avi,0,c10,6,272,632,298,438
30,clip_c10_20260727_145721.avi,5,c10,6,539,462,232,474
31,clip_c10_20260727_145721.avi,10,c10,6,766,327,202,437
32,clip_c10_20260727_145721.avi,15,c10,6,957,241,170,381
33,clip_c10_20260727_145721.avi,20,c10,6,1097,185,105,341
34,clip_c10_20260727_165919.avi,10,c10,7,158,501,202,335
35,clip_c10_20260727_165919.avi,15,c10,7,329,330,123,308
36,clip_c10_20260727_165919.avi,20,c10,7,435,264,107,245
37,clip_c10_20260727_165919.avi,25,c10,7,519,201,97,226
38,clip_c10_20260727_165919.avi,30,c10,7,587,152,78,181
39,clip_c10_20260727_165919.avi,35,c10,7,627,120,66,157
40,clip_c11_20260617_152852.avi,0,c11,1,819,149,38,118
41,clip_c11_20260617_152852.avi,8,c11,1,797,161,45,131
42,clip_c11_20260617_152852.avi,16,c11,1,801,163,47,137
43,clip_c11_20260617_152852.avi,24,c11,1,807,171,50,141
44,clip_c11_20260617_152852.avi,32,c11,1,804,174,54,154
45,clip_c11_20260617_152852.avi,40,c11,1,796,182,56,162
46,clip_c11_20260617_152852.avi,48,c11,1,808,186,58,175
47,clip_c11_20260617_152852.avi,56,c11,1,823,190,67,184
48,clip_c11_20260617_152852.avi,64,c11,1,840,193,56,201
49,clip_c11_20260617_152852.avi,72,c11,2,775,231,62,183
50,clip_c11_20260617_152852.avi,72,c11,1,865,216,67,200
51,clip_c11_20260617_152852.avi,80,c11,1,890,231,76,207
52,clip_c11_20260617_152852.avi,80,c11,2,776,239,65,201
53,clip_c11_20260617_152852.avi,88,c11,1,912,229,75,237
54,clip_c11_20260617_152852.avi,88,c11,2,769,255,81,222
55,clip_c11_20260617_152852.avi,96,c11,2,781,278,85,246
56,clip_c11_20260617_152852.avi,96,c11,1,913,251,101,267
57,clip_c11_20260617_152852.avi,104,c11,2,781,308,98,277
58,clip_c11_20260617_152852.avi,104,c11,1,927,273,97,301
59,clip_c11_20260617_152852.avi,112,c11,1,951,296,108,331
60,clip_c11_20260617_152852.avi,112,c11,2,789,342,97,309
61,clip_c11_20260617_152852.avi,120,c11,2,845,386,118,364
62,clip_c11_20260617_152852.avi,120,c11,1,973,328,137,360
63,clip_c11_20260617_152852.avi,128,c11,1,1009,344,120,387
64,clip_c11_20260617_152852.avi,128,c11,2,883,418,157,372
65,clip_c11_20260617_152852.avi,136,c11,2,1014,472,160,381
66,clip_c11_20260617_152852.avi,136,c11,1,1059,370,149,395
67,clip_c11_20260617_152852.avi,144,c11,1,1126,410,143,412
68,clip_c11_20260617_152852.avi,144,c11,2,1223,532,155,403
69,clip_c11_20260617_152852.avi,152,c11,1,1206,448,195,462
70,clip_c11_20260617_152852.avi,152,c11,2,1338,584,217,399
71,clip_c11_20260617_152852.avi,160,c11,2,1521,605,202,376
72,clip_c11_20260617_152852.avi,160,c11,1,1242,520,231,495
73,clip_c11_20260617_152852.avi,168,c11,1,1359,595,293,480
74,clip_c11_20260617_152852.avi,168,c11,2,1644,654,227,425
75,clip_c11_20260617_152852.avi,176,c11,1,1516,604,265,461
76,clip_c11_20260617_152852.avi,176,c11,2,1723,651,195,416
77,clip_c11_20260617_152852.avi,184,c11,1,1566,644,345,425
78,clip_c11_20260617_152852.avi,192,c11,1,1584,660,332,412
79,clip_c11_20260617_152852.avi,200,c11,1,1580,676,330,361
80,clip_c11_20260617_152852.avi,208,c11,1,1581,687,333,367
81,clip_c11_20260617_152852.avi,216,c11,1,1580,687,332,357
82,clip_c11_20260617_152852.avi,224,c11,1,1581,699,334,325
83,clip_c11_20260617_152852.avi,232,c11,1,1580,668,297,372
84,clip_c11_20260617_152852.avi,240,c11,1,1593,667,261,380
85,clip_c11_20260617_152852.avi,248,c11,1,1594,705,259,343
86,clip_c11_20260617_152852.avi,256,c11,1,1559,743,246,313
87,clip_c11_20260617_152852.avi,264,c11,1,1550,777,234,286
88,clip_c11_20260617_152852.avi,272,c11,1,1640,617,278,460
89,clip_c11_20260618_154736.avi,0,c11,3,96,765,286,314
90,clip_c11_20260618_154736.avi,25,c11,3,96,766,285,313
91,clip_c11_20260618_154736.avi,50,c11,3,99,760,287,319
92,clip_c11_20260618_154736.avi,75,c11,3,285,592,220,467
93,clip_c11_20260618_154736.avi,100,c11,3,785,280,129,299
94,clip_c11_20260618_154736.avi,125,c11,3,779,146,37,112
97,clip_c11_20260618_155113.avi,14,c11,4,827,185,42,133
98,clip_c11_20260618_155113.avi,21,c11,4,842,205,54,153
99,clip_c11_20260618_155113.avi,28,c11,4,861,208,66,197
100,clip_c11_20260618_155113.avi,35,c11,4,889,259,72,217
101,clip_c11_20260618_155113.avi,42,c11,4,898,274,74,242
102,clip_c11_20260618_155113.avi,49,c11,4,918,307,90,275
103,clip_c11_20260618_155113.avi,56,c11,4,971,333,95,287
104,clip_c11_20260618_155113.avi,63,c11,4,1106,389,114,329
105,clip_c11_20260618_155113.avi,70,c11,4,1218,432,173,357
106,clip_c11_20260618_155113.avi,77,c11,4,1385,443,158,344
131,clip_c11_20260727_145025.avi,0,c11,11,809,163,57,116
132,clip_c11_20260727_145025.avi,5,c11,11,843,168,55,119
133,clip_c11_20260727_145025.avi,10,c11,11,876,174,78,131
134,clip_c11_20260727_145334.avi,0,c11,5,782,156,41,115
135,clip_c11_20260727_145334.avi,5,c11,5,787,171,38,112
136,clip_c11_20260727_145334.avi,10,c11,5,787,181,40,117
137,clip_c11_20260727_145334.avi,15,c11,5,806,189,43,128
138,clip_c11_20260727_145334.avi,20,c11,5,819,179,43,160
139,clip_c11_20260727_145334.avi,25,c11,5,829,195,62,172
140,clip_c11_20260727_145334.avi,30,c11,5,851,216,83,209
141,clip_c11_20260727_145334.avi,35,c11,5,884,231,100,253
142,clip_c11_20260727_145334.avi,40,c11,5,930,281,137,307
143,clip_c11_20260727_145334.avi,45,c11,5,999,345,168,364
144,clip_c11_20260727_145334.avi,50,c11,5,1251,434,203,380
145,clip_c11_20260727_145334.avi,55,c11,5,1629,557,238,354
146,clip_c11_20260727_145653.avi,0,c11,6,1585,523,184,358
147,clip_c11_20260727_145653.avi,5,c11,6,1368,492,189,359
148,clip_c11_20260727_145653.avi,10,c11,6,1199,404,160,365
149,clip_c11_20260727_145653.avi,15,c11,6,1059,356,147,336
150,clip_c11_20260727_145653.avi,20,c11,6,951,309,126,313
151,clip_c11_20260727_145653.avi,25,c11,6,903,273,82,269
152,clip_c11_20260727_145653.avi,30,c11,6,815,252,115,252
153,clip_c11_20260727_145653.avi,35,c11,6,776,235,109,220
154,clip_c11_20260727_145653.avi,40,c11,6,775,230,77,192
155,clip_c11_20260727_145653.avi,45,c11,6,788,214,66,174
156,clip_c11_20260727_145653.avi,50,c11,6,779,196,66,160
157,clip_c11_20260727_145653.avi,55,c11,6,780,191,56,149
158,clip_c11_20260727_145653.avi,60,c11,6,778,184,50,140
159,clip_c11_20260727_145653.avi,65,c11,6,776,186,41,117
160,clip_c11_20260727_145653.avi,75,c11,6,777,160,36,108
161,clip_c11_20260727_145653.avi,80,c11,6,777,156,31,97
162,clip_c11_20260727_150629.avi,0,c11,12,252,609,245,408
163,clip_c11_20260727_150629.avi,5,c11,12,324,588,271,458
164,clip_c11_20260727_150629.avi,10,c11,12,545,511,158,406
165,clip_c11_20260727_150629.avi,15,c11,12,683,438,137,381
166,clip_c11_20260727_150629.avi,20,c11,12,723,376,128,328
167,clip_c11_20260727_150629.avi,25,c11,12,759,328,102,272
168,clip_c11_20260727_150629.avi,30,c11,12,798,295,83,228
169,clip_c11_20260727_150629.avi,35,c11,12,826,267,121,205
170,clip_c11_20260727_150629.avi,40,c11,12,845,246,85,192
171,clip_c11_20260727_150629.avi,50,c11,12,867,219,60,157
172,clip_c11_20260727_150629.avi,55,c11,12,891,210,59,141
173,clip_c11_20260727_170139.avi,0,c11,7,1663,549,183,355
174,clip_c11_20260727_170139.avi,5,c11,7,1500,514,192,386
175,clip_c11_20260727_170139.avi,10,c11,7,1294,447,179,381
176,clip_c11_20260727_170139.avi,15,c11,7,1121,374,127,348
177,clip_c11_20260727_170139.avi,20,c11,7,976,321,127,328
178,clip_c11_20260727_170139.avi,25,c11,7,889,278,110,276
179,clip_c11_20260727_170139.avi,30,c11,7,821,259,104,242
180,clip_c11_20260727_170139.avi,35,c11,7,798,238,91,204
181,clip_c11_20260727_170139.avi,40,c11,7,805,216,73,191
182,clip_c11_20260727_170139.avi,45,c11,7,803,202,64,175
183,clip_c11_20260727_170139.avi,50,c11,7,779,189,53,157
184,clip_c11_20260727_170139.avi,55,c11,7,779,176,23,154
185,clip_c11_20260813_134940.avi,0,c11,13,814,187,52,174
186,clip_c11_20260813_134940.avi,24,c11,13,907,215,60,203
187,clip_c11_20260813_134940.avi,48,c11,13,926,229,74,230
188,clip_c11_20260813_134940.avi,72,c11,13,895,230,79,235
189,clip_c11_20260813_134940.avi,96,c11,13,885,206,72,204
190,clip_c11_20260813_134940.avi,120,c11,13,889,195,65,180
193,clip_c12_20260617_152841.avi,7,c12,1,38,409,70,214
194,clip_c12_20260617_152841.avi,14,c12,1,23,431,80,230
195,clip_c12_20260617_152841.avi,21,c12,1,21,449,95,200
196,clip_c12_20260617_152841.avi,28,c12,1,65,724,194,349
197,clip_c12_20260618_154814.avi,0,c12,3,21,510,86,173
198,clip_c12_20260727_145330.avi,0,c12,5,0,612,179,406
199,clip_c12_20260727_145716.avi,0,c12,6,11,442,106,231
200,clip_c8_20260617_150337.avi,0,c8,14,1608,82,71,226
201,clip_c8_20260617_150337.avi,9,c8,14,1512,108,126,242
202,clip_c8_20260617_150337.avi,18,c8,14,1416,150,108,255
203,clip_c8_20260617_150337.avi,27,c8,14,1297,217,133,317
204,clip_c8_20260617_150337.avi,36,c8,14,1206,302,131,329
205,clip_c8_20260617_150337.avi,45,c8,14,1023,461,143,319
206,clip_c8_20260617_150337.avi,54,c8,14,0,849,169,217
207,clip_c8_20260617_150429.avi,0,c8,14,95,813,265,255
208,clip_c8_20260617_150429.avi,12,c8,14,507,785,243,290
209,clip_c8_20260617_150429.avi,24,c8,14,1165,456,180,353
210,clip_c8_20260617_150429.avi,36,c8,14,1400,261,158,334
211,clip_c8_20260617_150429.avi,48,c8,14,1523,168,112,237
212,clip_c8_20260617_150429.avi,60,c8,14,1579,107,111,263
235,clip_c8_20260727_145055.avi,0,c8,11,972,647,194,350
236,clip_c8_20260727_145055.avi,5,c8,11,1178,458,188,387
237,clip_c8_20260727_145055.avi,10,c8,11,1325,308,148,376
238,clip_c8_20260727_145055.avi,15,c8,11,1427,196,115,320
239,clip_c8_20260727_145055.avi,20,c8,11,1474,130,104,271
240,clip_c8_20260727_145055.avi,25,c8,11,1530,87,90,253
241,clip_c8_20260727_145055.avi,30,c8,11,1603,50,77,233
242,clip_c8_20260727_150740.avi,0,c8,12,185,799,274,239
243,clip_c8_20260727_150740.avi,5,c8,12,422,807,299,268
244,clip_c8_20260727_150740.avi,15,c8,12,1029,517,202,326
245,clip_c8_20260727_150740.avi,20,c8,12,1212,350,148,323
246,clip_c8_20260727_150740.avi,25,c8,12,1323,238,124,319
247,clip_c8_20260727_150740.avi,30,c8,12,1414,151,102,251
248,clip_c8_20260727_150740.avi,35,c8,12,1506,102,77,233
249,clip_c8_20260727_150740.avi,40,c8,12,1578,95,103,211
250,clip_c8_20260813_135011.avi,0,c8,13,574,738,198,319
251,clip_c8_20260813_135011.avi,20,c8,13,986,298,127,362
252,clip_c8_20260813_135011.avi,40,c8,13,1029,178,147,367
253,clip_c8_20260813_135011.avi,60,c8,13,1083,86,120,292
254,clip_c8_20260813_135011.avi,80,c8,13,1107,0,94,246
255,clip_c9_20260617_150354.avi,0,c9,14,1194,260,137,345
256,clip_c9_20260617_150354.avi,10,c9,14,955,216,134,327
257,clip_c9_20260617_150354.avi,20,c9,14,795,200,131,301
258,clip_c9_20260617_150354.avi,30,c9,14,681,212,100,254
259,clip_c9_20260617_150354.avi,40,c9,14,626,165,83,238
260,clip_c9_20260617_150354.avi,50,c9,14,623,144,64,217
261,clip_c9_20260617_150354.avi,60,c9,14,626,131,94,201
262,clip_c9_20260617_150354.avi,70,c9,14,635,128,89,200
263,clip_c9_20260617_150354.avi,80,c9,14,642,132,80,196
264,clip_c9_20260617_150354.avi,90,c9,14,644,130,81,199
265,clip_c9_20260617_150354.avi,100,c9,14,650,128,76,199
266,clip_c9_20260617_150354.avi,110,c9,14,642,129,80,199
267,clip_c9_20260617_150354.avi,120,c9,14,640,130,75,198
268,clip_c9_20260617_150354.avi,130,c9,14,641,129,80,198
269,clip_c9_20260617_150354.avi,140,c9,14,644,129,81,198
270,clip_c9_20260617_150354.avi,150,c9,14,647,128,76,201
271,clip_c9_20260617_150354.avi,160,c9,14,645,128,79,201
272,clip_c9_20260617_150354.avi,170,c9,14,641,130,81,198
273,clip_c9_20260617_150354.avi,180,c9,14,641,130,83,199
274,clip_c9_20260617_150354.avi,190,c9,14,650,128,73,201
275,clip_c9_20260617_150354.avi,200,c9,14,645,128,78,202
276,clip_c9_20260617_150354.avi,210,c9,14,623,134,61,214
277,clip_c9_20260617_150354.avi,220,c9,14,653,147,92,231
278,clip_c9_20260617_150354.avi,230,c9,14,737,172,113,281
279,clip_c9_20260617_150354.avi,240,c9,14,861,186,136,326
280,clip_c9_20260617_150354.avi,250,c9,14,1086,213,158,358
308,clip_c9_20260727_145031.avi,0,c9,11,893,30,26,83
309,clip_c9_20260727_145031.avi,5,c9,11,893,26,29,91
310,clip_c9_20260727_145031.avi,10,c9,11,900,31,27,105
311,clip_c9_20260727_145031.avi,15,c9,11,895,38,40,114
312,clip_c9_20260727_145031.avi,20,c9,11,901,40,46,123
313,clip_c9_20260727_145031.avi,25,c9,11,902,45,46,141
314,clip_c9_20260727_145031.avi,30,c9,11,897,48,50,150
315,clip_c9_20260727_145031.avi,35,c9,11,887,64,55,149
316,clip_c9_20260727_145031.avi,40,c9,11,883,73,56,160
317,clip_c9_20260727_145031.avi,45,c9,11,882,80,50,182
318,clip_c9_20260727_145031.avi,50,c9,11,868,90,67,196
319,clip_c9_20260727_145031.avi,55,c9,11,868,106,65,219
320,clip_c9_20260727_145031.avi,60,c9,11,864,122,73,229
321,clip_c9_20260727_145031.avi,65,c9,11,841,141,93,248
322,clip_c9_20260727_145031.avi,70,c9,11,845,171,124,298
323,clip_c9_20260727_145031.avi,75,c9,11,931,209,157,345
324,clip_c9_20260727_145031.avi,80,c9,11,1146,238,173,361
325,clip_c9_20260727_150719.avi,35,c9,12,891,110,66,191
326,clip_c9_20260727_150719.avi,40,c9,12,845,136,87,209
327,clip_c9_20260727_150719.avi,45,c9,12,857,155,86,201
328,clip_c9_20260727_150719.avi,50,c9,12,858,181,86,244
329,clip_c9_20260727_150719.avi,55,c9,12,878,207,116,283
330,clip_c9_20260727_150719.avi,60,c9,12,981,234,88,311
331,clip_c9_20260727_150719.avi,65,c9,12,1122,262,154,320
332,clip_c9_20260813_134952.avi,36,c9,13,837,59,59,163
333,clip_c9_20260813_134952.avi,72,c9,13,841,85,61,195
334,clip_c9_20260813_134952.avi,108,c9,13,868,103,83,231
335,clip_c9_20260813_134952.avi,144,c9,13,845,150,117,302
336,clip_c9_20260813_134952.avi,180,c9,13,888,203,115,370
